date,electricity_kwh,fuel_litres,ALLSKY_SFC_SW_DWN,WS50M,WD50M,PS,T2M,RH2M,T2M_MAX,T2M_MIN,WS10M_MAX,WS10M_MIN,year,month,quarter
1986-01-01,131866.0,,,,,,,,,,,,1986,1,1
1986-02-01,,,,,,,,,,,,,1986,2,1
1986-03-01,132624.0,,,,,,,,,,,,1986,3,1
1986-04-01,159096.0,,,,,,,,,,,,1986,4,2
1986-05-01,168630.0,,,,,,,,,,,,1986,5,2
1986-06-01,171122.0,,,,,,,,,,,,1986,6,2
1986-07-01,171248.0,,,,,,,,,,,,1986,7,3
1986-08-01,172494.0,,,,,,,,,,,,1986,8,3
1986-09-01,159418.0,,,,,,,,,,,,1986,9,3
1986-10-01,153104.0,,,,,,,,,,,,1986,10,4
1986-11-01,139720.0,,,,,,,,,,,,1986,11,4
1986-12-01,130816.0,,,,,,,,,,,,1986,12,4
1987-01-01,122822.0,,,,,,,,,,,,1987,1,1
1987-02-01,132034.0,,,,,,,,,,,,1987,2,1
1987-03-01,147854.0,,,,,,,,,,,,1987,3,1
1987-04-01,154140.0,,,,,,,,,,,,1987,4,2
1987-05-01,168210.0,,,,,,,,,,,,1987,5,2
1987-06-01,162050.0,,,,,,,,,,,,1987,6,2
1987-07-01,172536.0,,,,,,,,,,,,1987,7,3
1987-08-01,177730.0,,,,,,,,,,,,1987,8,3
1987-09-01,162652.0,,,,,,,,,,,,1987,9,3
1987-10-01,152180.0,,,,,,,,,,,,1987,10,4
1987-11-01,133476.0,,,,,,,,,,,,1987,11,4
1987-12-01,112042.0,,,,,,,,,,,,1987,12,4
1988-01-01,127806.0,,,,,,,,,,,,1988,1,1
1988-02-01,135464.0,,,,,,,,,,,,1988,2,1
1988-03-01,156758.0,,,,,,,,,,,,1988,3,1
1988-04-01,157332.0,,,,,,,,,,,,1988,4,2
1988-05-01,156170.0,,,,,,,,,,,,1988,5,2
1988-06-01,161112.0,,,,,,,,,,,,1988,6,2
1988-07-01,168574.0,,,,,,,,,,,,1988,7,3
1988-08-01,162932.0,,,,,,,,,,,,1988,8,3
1988-09-01,157766.0,,,,,,,,,,,,1988,9,3
1988-10-01,154014.0,,,,,,,,,,,,1988,10,4
1988-11-01,138446.0,,,,,,,,,,,,1988,11,4
1988-12-01,121030.0,,,,,,,,,,,,1988,12,4
1989-01-01,124600.0,,,,,,,,,,,,1989,1,1
1989-02-01,126434.0,,,,,,,,,,,,1989,2,1
1989-03-01,142380.0,,,,,,,,,,,,1989,3,1
1989-04-01,143206.0,,,,,,,,,,,,1989,4,2
1989-05-01,161770.0,,,,,,,,,,,,1989,5,2
1989-06-01,104020.0,,,,,,,,,,,,1989,6,2
1989-07-01,181580.0,,,,,,,,,,,,1989,7,3
1989-08-01,,,,,,,,,,,,,1989,8,3
1989-09-01,,,,,,,,,,,,,1989,9,3
1989-10-01,,,,,,,,,,,,,1989,10,4
1989-11-01,,,,,,,,,,,,,1989,11,4
1989-12-01,,,,,,,,,,,,,1989,12,4
1990-01-01,181580.0,,,,,,,,,,,,1990,1,1
1990-02-01,186899.0,,,,,,,,,,,,1990,2,1
1990-03-01,,,,,,,,,,,,,1990,3,1
1990-04-01,,,,,,,,,,,,,1990,4,2
1990-05-01,166082.0,,,,,,,,,,,,1990,5,2
1990-06-01,175014.0,,,,,,,,,,,,1990,6,2
1990-07-01,178906.0,,,,,,,,,,,,1990,7,3
1990-08-01,181720.0,,,,,,,,,,,,1990,8,3
1990-09-01,150010.0,,,,,,,,,,,,1990,9,3
1990-10-01,161238.0,,,,,,,,,,,,1990,10,4
1990-11-01,131782.0,,,,,,,,,,,,1990,11,4
1990-12-01,128192.0,,,,,,,,,,,,1990,12,4
1991-01-01,117964.0,,,,,,,,,,,,1991,1,1
1991-02-01,131684.0,,,,,,,,,,,,1991,2,1
1991-03-01,152712.0,,,,,,,,,,,,1991,3,1
1991-04-01,161686.0,,,,,,,,,,,,1991,4,2
1991-05-01,186438.0,,,,,,,,,,,,1991,5,2
1991-06-01,177912.0,,,,,,,,,,,,1991,6,2
1991-07-01,186186.0,,,,,,,,,,,,1991,7,3
1991-08-01,189812.0,,,,,,,,,,,,1991,8,3
1991-09-01,177030.0,,,,,,,,,,,,1991,9,3
1991-10-01,170240.0,,,,,,,,,,,,1991,10,4
1991-11-01,151396.0,,,,,,,,,,,,1991,11,4
1991-12-01,138334.0,,,,,,,,,,,,1991,12,4
1992-01-01,155960.0,,,,,,,,,,,,1992,1,1
1992-02-01,154560.0,,,,,,,,,,,,1992,2,1
1992-03-01,180530.0,,,,,,,,,,,,1992,3,1
1992-04-01,185080.0,,,,,,,,,,,,1992,4,2
1992-05-01,189840.0,,,,,,,,,,,,1992,5,2
1992-06-01,186741.0,,,,,,,,,,,,1992,6,2
1992-07-01,212562.0,,,,,,,,,,,,1992,7,3
1992-08-01,221824.0,,,,,,,,,,,,1992,8,3
1992-09-01,207634.0,,,,,,,,,,,,1992,9,3
1992-10-01,199122.0,,,,,,,,,,,,1992,10,4
1992-11-01,169694.0,,,,,,,,,,,,1992,11,4
1993-01-01,133295.0,46837.0,7.408690322580645,10.519677419354839,126.80322580645162,96.37516129032258,-3.1490322580645165,71.19967741935484,-0.9648387096774194,-5.819677419354838,11.899354838709677,5.031612903225806,1993,1,1
1993-02-01,148505.0,44224.0,5.415703571428572,9.296785714285715,141.9892857142857,95.36821428571429,-7.049285714285714,65.43571428571428,-4.826428571428572,-9.596428571428572,11.618571428571428,4.553928571428572,1993,2,1
1993-03-01,179051.0,60008.0,2.9929806451612904,9.480322580645161,138.9225806451613,95.87258064516129,-13.461935483870967,73.67032258064516,-11.633225806451613,-15.525483870967742,10.755483870967742,5.808387096774194,1993,3,1
1993-04-01,189779.0,66361.0,1.0486099999999998,10.836,141.23,95.75333333333333,-19.372666666666667,77.68833333333333,-17.607333333333333,-21.33833333333333,12.196333333333333,5.785333333333333,1993,4,2
1993-05-01,206185.0,73614.0,0.11912903225806452,10.954516129032257,139.08064516129033,95.44870967741934,-22.90838709677419,77.31290322580645,-20.862903225806452,-24.969354838709677,12.649032258064516,4.886129032258064,1993,5,2
1993-06-01,197923.0,68455.0,0.00047,10.302666666666665,135.10333333333332,95.43866666666666,-22.570666666666668,79.19766666666666,-20.619000000000003,-25.296666666666667,11.765333333333333,5.156000000000001,1993,6,2
1993-07-01,203385.0,70883.0,0.03468709677419354,8.805483870967741,138.5677419354839,95.03322580645163,-23.636129032258065,81.9283870967742,-21.82903225806452,-25.809677419354838,9.944193548387096,4.077096774193548,1993,7,3
1993-08-01,198118.0,69062.0,0.6109806451612904,9.248709677419356,137.43548387096774,94.85032258064517,-25.47774193548387,81.79967741935484,-23.752903225806453,-27.556451612903224,9.819032258064516,4.400645161290322,1993,8,3
1993-09-01,187794.0,68592.0,2.9166366666666668,9.572666666666667,137.07999999999998,95.13733333333333,-22.752333333333336,76.37899999999999,-20.665666666666667,-25.307333333333336,10.648333333333333,4.656333333333333,1993,9,3
1993-10-01,179090.0,62229.0,5.252232258064516,9.087096774193547,134.61290322580646,94.9767741935484,-16.84225806451613,69.98387096774194,-13.995483870967742,-20.511935483870968,10.916451612903227,4.0525806451612905,1993,10,4
1993-11-01,161825.0,50975.0,7.3715166666666665,8.799333333333333,129.66333333333333,95.425,-11.303666666666667,65.23366666666666,-8.109666666666666,-14.974666666666668,10.335333333333333,4.2796666666666665,1993,11,4
1993-12-01,181536.0,57053.0,8.513012903225805,9.843870967741937,133.90322580645162,95.59967741935485,-5.753225806451613,67.49193548387096,-3.261290322580645,-9.040967741935484,10.939032258064517,5.013870967741935,1993,12,4
1994-01-01,171500.0,51568.0,7.366003225806452,9.829677419354839,121.96451612903226,95.73064516129033,-3.8845161290322583,74.77451612903226,-2.3641935483870964,-5.736451612903227,11.255161290322581,5.244193548387097,1994,1,1
1994-02-01,173657.0,58484.0,5.272728571428572,9.224642857142857,137.65357142857144,95.40714285714286,-7.621071428571428,66.36535714285715,-5.554285714285714,-9.798214285714286,11.098928571428571,4.462857142857143,1994,2,1
1994-03-01,194716.0,76078.0,2.897641935483871,9.716451612903224,141.2,95.26741935483871,-13.148064516129033,75.38548387096773,-11.357096774193549,-15.074193548387097,11.37516129032258,5.459677419354839,1994,3,1
1994-04-01,198951.0,74699.0,1.0899066666666668,10.614666666666666,140.04666666666665,96.01,-18.596,78.08266666666667,-16.794333333333334,-20.591333333333335,11.399666666666667,5.788333333333333,1994,4,2
1994-05-01,210663.0,78484.0,0.13416451612903227,9.770967741935483,141.33225806451614,96.24580645161289,-23.218064516129033,78.7958064516129,-21.251290322580644,-25.021290322580644,11.636774193548387,4.20483870967742,1994,5,2
1994-06-01,191390.0,68931.0,0.00047,13.451666666666666,129.30333333333334,96.557,-16.110333333333333,72.02199999999999,-14.308,-18.284,14.84,7.843,1994,6,2
1994-07-01,207354.0,73453.0,0.03140645161290322,11.15548387096774,137.05483870967743,95.8316129032258,-19.075483870967744,72.63806451612903,-17.300967741935484,-21.07677419354839,11.250322580645161,5.843870967741935,1994,7,3
1994-08-01,215036.0,75598.0,0.6645290322580645,10.348709677419356,137.25483870967741,95.10258064516128,-23.783870967741933,79.86258064516129,-21.654193548387095,-26.06451612903226,11.631935483870967,5.420322580645161,1994,8,3
1994-09-01,198832.0,69716.0,2.8296,10.646666666666667,142.82666666666668,95.249,-19.051,74.20233333333334,-16.957333333333334,-21.986,11.461666666666668,5.681666666666667,1994,9,3
1994-10-01,190548.0,65339.0,4.916754838709677,9.289354838709679,131.08709677419355,95.16,-15.693870967741935,70.83064516129032,-13.040967741935484,-18.79,10.528064516129032,4.525806451612904,1994,10,4
1994-11-01,182124.0,59819.0,7.122033333333333,11.171,130.30333333333334,95.98066666666666,-10.07,66.555,-7.269666666666667,-13.343333333333334,11.795666666666667,6.256,1994,11,4
1994-12-01,172340.0,53094.0,8.155199999999999,8.773225806451611,133.69032258064516,95.29870967741935,-5.5761290322580646,69.20387096774193,-3.1229032258064517,-8.910645161290324,10.300645161290323,3.8351612903225805,1994,12,4
1995-01-01,177596.0,53587.0,6.7461290322580645,8.003225806451614,140.5483870967742,95.58064516129032,-5.353548387096774,69.02225806451614,-2.8070967741935484,-8.649354838709677,9.632903225806452,3.532258064516129,1995,1,1
1995-02-01,161417.0,54743.0,5.169135714285715,10.373214285714285,132.9892857142857,95.8225,-7.899642857142857,65.85642857142857,-5.433928571428572,-10.9825,12.399285714285714,5.006785714285714,1995,2,1
1995-03-01,210419.0,61617.0,2.955241935483871,10.391290322580645,137.86774193548385,95.61999999999999,-12.605161290322581,69.54032258064517,-10.403870967741934,-14.909032258064517,12.024838709677418,5.1164516129032265,1995,3,1
1995-04-01,194366.0,61463.0,1.02427,11.702,132.51333333333335,95.747,-14.154,72.734,-12.645000000000001,-16.079,13.256,6.3919999999999995,1995,4,2
1995-05-01,217484.0,65657.0,0.118,10.402258064516127,138.1483870967742,95.38580645161291,-19.99741935483871,76.22387096774193,-18.09774193548387,-22.307419354838707,12.05516129032258,5.232903225806451,1995,5,2
1995-06-01,214907.0,64673.0,0.00047,11.583666666666666,136.72666666666666,95.82733333333334,-21.843666666666664,78.45366666666668,-19.642333333333333,-24.541333333333334,13.249,6.238333333333333,1995,6,2
1995-07-01,202772.0,59942.0,0.030964516129032258,16.871290322580645,128.7258064516129,95.98129032258065,-12.67483870967742,71.74677419354839,-10.88258064516129,-14.735161290322582,19.223870967741938,10.15258064516129,1995,7,3
1995-08-01,223804.0,69094.0,0.664416129032258,9.253870967741936,141.53225806451613,95.6374193548387,-23.1658064516129,79.6116129032258,-21.01774193548387,-25.33483870967742,10.690645161290321,4.579677419354839,1995,8,3
1995-09-01,207154.0,63870.0,2.2042300000000004,10.911333333333333,135.50666666666666,94.096,-20.994000000000003,77.53566666666667,-19.086000000000002,-23.372,13.129,5.276,1995,9,3
1995-10-01,201505.0,62003.0,5.2077193548387095,10.51741935483871,141.25483870967741,95.58548387096775,-18.145806451612902,69.67032258064516,-15.341290322580644,-21.483870967741936,12.052903225806451,5.249677419354839,1995,10,4
1995-11-01,178051.0,54392.0,7.535293333333333,9.554,133.61,95.66900000000001,-10.557666666666668,66.81666666666666,-7.4126666666666665,-14.475333333333333,10.343666666666667,5.4943333333333335,1995,11,4
1995-12-01,174160.0,53070.0,7.9765999999999995,8.608709677419355,129.61612903225807,95.39064516129032,-4.563870967741935,70.10677419354839,-2.14,-7.911935483870968,9.933225806451613,3.7616129032258065,1995,12,4
1996-01-01,162977.0,48309.0,7.02931935483871,10.977741935483872,129.8709677419355,95.87193548387097,-3.0474193548387096,70.55935483870968,-1.1,-5.647741935483871,12.73741935483871,5.521612903225806,1996,1,1
1996-02-01,159970.0,52263.0,5.027862068965517,10.267241379310345,132.9,96.0751724137931,-5.9479310344827585,69.20551724137931,-4.229310344827587,-8.02206896551724,12.55448275862069,5.025862068965517,1996,2,1
1996-03-01,196460.0,57795.0,2.6743741935483873,10.818064516129033,139.38709677419354,95.4341935483871,-11.658064516129032,73.42354838709677,-10.047741935483872,-13.575806451612904,13.227741935483872,5.441290322580645,1996,3,1
1996-04-01,188630.0,58533.0,0.9290433333333333,10.080666666666668,136.41666666666666,95.73633333333333,-17.860333333333333,74.25533333333333,-15.946,-20.133666666666667,11.256666666666666,5.1016666666666675,1996,4,2
1996-05-01,214241.0,68915.0,0.11178064516129031,11.145483870967741,140.61290322580646,95.7116129032258,-23.705483870967743,80.76645161290324,-22.248064516129034,-25.364193548387096,12.603225806451613,6.006451612903225,1996,5,2
1996-06-01,194263.0,60460.0,0.00047,13.074333333333334,134.92666666666668,95.83333333333333,-18.08,68.72733333333333,-16.139333333333333,-20.182666666666666,14.348,7.105666666666666,1996,6,2
1996-07-01,203673.0,65854.0,0.03409032258064516,9.949677419354838,143.51290322580644,96.15774193548387,-22.051612903225806,72.93064516129031,-20.287419354838708,-23.901290322580643,10.173548387096774,5.404193548387097,1996,7,3
1996-08-01,197839.0,65699.0,0.6156774193548387,12.64774193548387,139.68387096774194,95.38612903225805,-17.951290322580647,71.10645161290323,-15.785806451612904,-20.46548387096774,13.60774193548387,7.2948387096774185,1996,8,3
1996-09-01,189485.0,61383.0,2.5859099999999997,11.414666666666667,142.66333333333336,96.53433333333332,-17.708000000000002,70.06466666666667,-15.29,-20.433333333333334,12.79,6.4030000000000005,1996,9,3
1996-10-01,190873.0,61849.0,5.402722580645161,12.001290322580646,139.49032258064514,94.98967741935483,-15.644838709677419,69.47774193548386,-12.92741935483871,-18.726451612903226,13.925483870967742,6.5606451612903225,1996,10,4
1996-11-01,169907.0,53479.0,8.043716666666667,11.884333333333332,136.32333333333332,95.9,-8.966666666666667,64.51766666666667,-5.924333333333333,-12.574666666666667,13.478,6.706333333333333,1996,11,4
1996-12-01,163608.0,52755.0,8.45794193548387,10.739032258064515,127.67096774193548,95.86935483870967,-4.094838709677419,70.86258064516129,-1.8270967741935484,-6.918064516129032,12.37516129032258,5.550000000000001,1996,12,4
1997-01-01,167591.0,49877.0,7.626387096774193,8.612903225806452,130.31935483870967,95.89064516129032,-4.289354838709677,71.0941935483871,-1.9874193548387096,-7.140645161290322,10.851612903225806,3.564516129032258,1997,1,1
1997-02-01,152336.0,47039.0,5.288046428571429,9.791071428571428,142.18928571428572,95.65142857142857,-7.003571428571428,68.47749999999999,-5.041428571428571,-9.143214285714285,11.81,4.805357142857143,1997,2,1
1997-03-01,183457.0,55874.0,2.793309677419355,10.639999999999999,137.88709677419354,94.93064516129031,-10.520645161290322,70.78387096774195,-8.763548387096774,-12.834838709677419,12.170322580645163,5.851612903225806,1997,3,1
1997-04-01,199936.0,63655.0,1.0446133333333334,10.370000000000001,138.82000000000002,96.253,-18.181333333333335,73.26566666666666,-16.289666666666665,-20.201666666666664,11.004666666666667,5.566666666666666,1997,4,2
1997-05-01,215160.0,71595.0,0.1271741935483871,10.443870967741935,143.55161290322582,95.37096774193549,-22.211290322580645,76.36483870967741,-20.246774193548386,-24.471290322580646,11.586129032258064,5.198709677419354,1997,5,2
1997-06-01,201084.0,65415.0,0.00047,11.435333333333334,142.7133333333333,96.23299999999999,-19.60533333333333,68.73466666666667,-17.663333333333334,-21.639333333333333,12.228,6.145666666666667,1997,6,2
1997-07-01,207035.0,74792.0,0.03201935483870968,12.05483870967742,142.90967741935484,94.83290322580646,-23.17258064516129,77.36451612903227,-21.081935483870968,-25.43935483870968,12.279677419354838,7.059677419354839,1997,7,3
1997-08-01,208333.0,70679.0,0.6203,13.140645161290323,138.65483870967742,95.09645161290322,-22.181935483870966,76.21032258064515,-20.31032258064516,-24.70741935483871,15.526129032258064,6.780322580645161,1997,8,3
1997-09-01,193992.0,63957.0,3.0341233333333335,8.929333333333334,141.42333333333332,95.296,-23.868333333333332,80.85866666666666,-21.502333333333333,-26.26033333333333,10.179333333333334,4.505333333333334,1997,9,3
1997-10-01,186592.0,63711.0,5.496438709677419,11.323870967741936,134.88387096774193,95.30225806451612,-16.930967741935483,69.86129032258064,-14.191612903225806,-19.914516129032258,12.16451612903226,6.879677419354839,1997,10,4
1997-11-01,157472.0,52666.0,7.909643333333333,10.4,137.77333333333334,96.11200000000001,-9.382666666666667,65.76666666666667,-6.0,-13.539666666666667,11.740666666666668,5.047,1997,11,4
1997-12-01,159765.0,50265.0,8.175661290322582,11.768064516129032,134.29677419354837,95.93774193548387,-3.875483870967742,71.28193548387097,-1.7106451612903226,-6.894193548387097,12.869677419354838,6.5448387096774185,1997,12,4
1998-01-01,155902.0,44981.0,7.6145387096774195,9.318064516129033,129.88387096774193,95.57483870967742,-4.186451612903226,68.78806451612903,-2.0583870967741937,-6.84741935483871,10.999354838709678,4.475483870967742,1998,1,1
1998-02-01,145384.0,47092.0,5.083635714285714,10.339642857142858,125.925,95.47214285714286,-6.4471428571428575,72.68142857142858,-4.6832142857142856,-8.693928571428572,11.727500000000001,6.073571428571428,1998,2,1
1998-03-01,172450.0,54409.0,2.993461290322581,10.013870967741935,144.7483870967742,95.57903225806452,-13.538709677419355,69.63129032258065,-11.571612903225805,-15.536774193548387,11.19032258064516,6.128387096774194,1998,3,1
1998-04-01,181250.0,59613.0,1.1756633333333333,9.257333333333333,146.36333333333332,94.624,-21.686666666666667,81.03033333333333,-19.579333333333334,-23.860666666666667,10.901,4.502,1998,4,2
1998-05-01,182061.0,68362.0,0.12351612903225807,11.726451612903226,141.0225806451613,95.5283870967742,-21.164193548387097,71.30032258064516,-19.240322580645163,-23.213870967741936,12.71032258064516,6.396451612903226,1998,5,2
1998-06-01,173775.0,56935.0,0.00047,13.293333333333333,139.48999999999998,95.264,-19.002666666666666,71.29233333333333,-16.874333333333333,-21.32766666666667,14.335,7.869,1998,6,2
1998-07-01,187368.0,65080.0,0.03038709677419355,12.689032258064517,134.3709677419355,95.24,-21.01258064516129,79.23709677419355,-19.251612903225805,-22.942903225806454,13.990967741935483,7.234193548387096,1998,7,3
1998-08-01,182492.0,60948.0,0.6292290322580645,12.111612903225806,139.66129032258064,94.67387096774193,-20.01806451612903,76.04709677419355,-18.25193548387097,-22.620322580645162,13.274516129032257,6.473870967741935,1998,8,3
1998-09-01,170778.0,59421.0,2.9426433333333337,10.600333333333333,137.42666666666668,95.72566666666667,-20.18933333333333,76.89133333333332,-17.950333333333333,-22.613666666666667,11.948666666666666,5.5456666666666665,1998,9,3
1998-10-01,169310.0,58667.0,5.06701935483871,10.226774193548387,134.03870967741935,95.4116129032258,-17.45258064516129,71.39225806451613,-15.051612903225807,-20.434516129032257,12.124516129032259,5.102258064516128,1998,10,4
1998-11-01,151369.0,48478.0,6.95005,13.241999999999999,125.53666666666666,94.67133333333332,-8.601666666666667,67.652,-5.961333333333333,-12.082666666666666,14.365666666666668,7.694999999999999,1998,11,4
1998-12-01,139480.0,44645.0,8.11414193548387,8.633225806451613,131.7258064516129,95.10387096774193,-4.800322580645162,69.17548387096774,-2.1154838709677417,-8.273225806451611,10.382903225806452,3.8393548387096774,1998,12,4
1999-01-01,145482.0,48847.0,7.263412903225806,9.195806451612903,128.66451612903225,95.83548387096775,-4.516129032258065,68.26129032258065,-2.25258064516129,-7.323225806451613,10.475483870967743,4.217096774193548,1999,1,1
1999-02-01,139031.0,43846.0,5.344367857142857,10.196071428571429,127.05,95.85607142857143,-7.090714285714285,71.135,-4.935714285714285,-9.690714285714288,11.766785714285714,5.742142857142857,1999,2,1
1999-03-01,166170.0,51693.0,2.9921290322580645,10.640322580645162,133.24193548387098,95.78935483870967,-11.580645161290322,77.8741935483871,-9.893225806451612,-13.636129032258063,11.95483870967742,6.31258064516129,1999,3,1
1999-04-01,168087.0,57425.0,1.0667200000000001,9.637333333333334,139.63333333333333,95.41233333333334,-19.463666666666665,77.73633333333333,-17.687,-21.565,10.531666666666666,4.549,1999,4,2
1999-05-01,177535.0,64140.0,0.12681290322580646,11.626774193548387,140.07096774193548,95.25225806451614,-20.094516129032257,75.93483870967742,-17.581290322580646,-22.789354838709677,14.063225806451612,5.470322580645162,1999,5,2
1999-06-01,168768.0,59237.0,0.00047,11.658999999999999,136.44333333333333,96.59566666666666,-18.199,71.20166666666667,-16.339000000000002,-20.052333333333333,12.107666666666667,6.238333333333333,1999,6,2
1999-07-01,178194.0,63856.0,0.03330322580645161,11.169354838709678,135.91935483870967,95.45354838709677,-21.990967741935485,79.22870967741936,-20.501612903225805,-23.631290322580647,12.266774193548386,5.790322580645161,1999,7,3
1999-08-01,181487.0,64204.0,0.616141935483871,11.180645161290323,143.9322580645161,95.22419354838709,-21.963548387096775,73.75709677419354,-19.996774193548386,-24.068064516129034,12.096451612903227,5.901290322580645,1999,8,3
1999-09-01,168518.0,60470.0,2.8482433333333335,11.503666666666668,139.02666666666667,95.50766666666667,-21.24866666666667,72.69433333333333,-18.950666666666667,-23.544,12.470333333333334,6.184666666666667,1999,9,3
1999-10-01,170277.0,57913.0,4.843216129032259,10.453870967741935,137.0225806451613,94.28709677419356,-16.477096774193548,72.27387096774193,-13.525806451612903,-19.895806451612902,12.13516129032258,5.449354838709677,1999,10,4
1999-11-01,150153.0,47062.0,6.743236666666666,8.555,132.14333333333335,95.261,-9.245000000000001,69.54166666666667,-6.589666666666667,-12.421,9.997000000000002,3.816666666666667,1999,11,4
1999-12-01,148585.0,44914.0,7.157532258064516,9.488064516129032,133.1967741935484,94.9141935483871,-5.876451612903225,67.95193548387095,-3.3906451612903226,-9.043225806451613,11.831290322580644,4.287419354838709,1999,12,4
2000-01-01,144130.0,41865.0,6.62151935483871,9.298064516129033,133.31935483870967,95.08,-4.099032258064516,73.85806451612903,-2.1106451612903223,-6.6164516129032265,10.56258064516129,4.958709677419355,2000,1,1
2000-02-01,140929.0,42825.0,4.960213793103448,9.80655172413793,135.03793103448277,95.44275862068966,-8.107931034482759,69.67344827586207,-6.1610344827586205,-10.255862068965518,12.01448275862069,4.863793103448276,2000,2,1
2000-03-01,162454.0,52185.0,2.8718612903225806,11.22258064516129,137.9225806451613,95.47129032258064,-12.720645161290324,73.15,-10.658709677419356,-15.19,13.282903225806452,6.2945161290322575,2000,3,1
2000-04-01,159625.0,52929.0,1.0146966666666666,11.732,136.57666666666668,95.71499999999999,-13.492333333333333,73.75066666666666,-11.948333333333332,-15.46,13.330333333333332,5.737666666666667,2000,4,2
2000-05-01,176085.0,61298.0,0.11362258064516129,10.727096774193548,132.84193548387097,95.27354838709678,-20.18,79.02935483870968,-18.352903225806454,-22.122258064516128,12.68032258064516,4.85,2000,5,2
2000-06-01,167688.0,55861.0,0.00047,12.523,137.04666666666665,95.82766666666666,-18.438333333333333,70.98633333333333,-16.391000000000002,-20.60533333333333,13.822,6.062333333333333,2000,6,2
2000-07-01,184341.0,60676.0,0.03378064516129032,10.334193548387097,137.1258064516129,95.62838709677419,-20.57967741935484,78.34096774193549,-18.54064516129032,-22.77741935483871,11.309354838709679,4.992903225806452,2000,7,3
2000-08-01,181852.0,57875.0,0.6436064516129032,12.23,138.83548387096772,95.37645161290322,-19.90774193548387,71.02161290322582,-18.066451612903226,-22.27,12.64806451612903,6.796451612903225,2000,8,3
2000-09-01,169718.0,54752.0,2.8850399999999996,9.986666666666668,138.56333333333333,95.87033333333333,-19.084666666666667,73.08200000000001,-16.807333333333336,-21.633666666666667,10.845333333333334,5.275666666666667,2000,9,3
2000-10-01,173193.0,55574.0,5.290935483870968,9.152903225806451,147.38064516129032,95.04612903225807,-19.78290322580645,70.49258064516128,-16.410645161290322,-23.09225806451613,10.929354838709678,4.408387096774193,2000,10,4
2000-11-01,154350.0,45786.0,7.371423333333333,9.909666666666668,132.48333333333332,95.94433333333333,-8.190333333333333,69.20566666666667,-5.177666666666667,-11.639666666666667,10.799,5.086333333333333,2000,11,4
2000-12-01,141504.0,39528.0,8.003509677419355,8.774516129032257,125.06129032258065,96.41677419354839,-3.8509677419354835,71.7290322580645,-1.5912903225806452,-6.650645161290322,9.76774193548387,4.169677419354838,2000,12,4
2001-01-01,123114.0,36831.0,7.130970967741936,8.873548387096774,133.84516129032258,95.66870967741936,-2.955483870967742,71.93645161290321,-1.0470967741935484,-5.475483870967742,10.777096774193547,3.8093548387096776,2001,1,1
2001-02-01,132070.0,39571.0,3.8015035714285714,11.396785714285715,127.95,96.16035714285715,-5.5371428571428565,75.64071428571428,-4.099285714285714,-7.3774999999999995,13.187142857142858,6.511071428571428,2001,2,1
2001-03-01,154953.0,45127.0,2.4722677419354837,9.294193548387097,137.32580645161292,95.7941935483871,-11.765161290322581,73.1183870967742,-9.958387096774192,-13.770645161290322,10.568709677419355,5.070645161290322,2001,3,1
2001-04-01,158364.0,52466.0,0.9882766666666666,9.060666666666666,142.25,95.24733333333333,-18.21966666666667,77.85533333333333,-16.185,-20.670333333333335,10.595333333333334,4.195666666666667,2001,4,2
2001-05-01,170945.0,53685.0,0.13669032258064517,10.509354838709678,138.18064516129033,95.91677419354839,-17.783548387096772,73.02451612903226,-16.182258064516127,-19.648064516129033,11.182580645161291,5.838387096774194,2001,5,2
2001-06-01,172582.0,53264.0,0.00029,9.520333333333333,148.09666666666666,95.81566666666666,-19.546666666666667,72.636,-17.873,-21.271333333333335,9.926666666666668,4.505,2001,6,2
2001-07-01,187104.0,56715.0,0.03743225806451613,10.43483870967742,142.4806451612903,95.8958064516129,-20.107741935483872,73.64741935483872,-18.25258064516129,-21.906129032258065,10.775161290322579,5.814193548387097,2001,7,3
2001-08-01,193678.0,59503.0,0.586516129032258,11.09451612903226,137.61612903225807,95.19129032258064,-23.109354838709677,78.92290322580645,-21.22967741935484,-25.241290322580646,11.98709677419355,5.727096774193548,2001,8,3
2001-09-01,180675.0,54855.0,2.3399300000000003,9.022333333333334,137.76000000000002,95.12166666666667,-21.628666666666668,77.13833333333334,-19.183,-24.325,10.478333333333333,3.9063333333333334,2001,9,3
2001-10-01,168268.0,50538.0,4.945587096774194,10.12483870967742,142.2225806451613,95.01548387096774,-15.829354838709678,68.36967741935484,-12.811290322580644,-18.93903225806452,11.866774193548387,4.785806451612903,2001,10,4
2001-11-01,143897.0,42353.0,7.14586,11.456,126.21333333333334,95.00800000000001,-8.379333333333333,69.16000000000001,-5.745,-11.790666666666665,13.692,6.176333333333333,2001,11,4
2001-12-01,136778.0,40945.0,7.528796774193548,10.190645161290323,123.5741935483871,94.96967741935484,-3.81,79.61258064516129,-2.113548387096774,-6.0361290322580645,12.340645161290322,4.674193548387097,2001,12,4
2002-01-01,130650.0,37370.0,7.0305709677419355,7.52741935483871,135.44516129032257,95.52032258064517,-2.8270967741935484,70.96612903225805,-0.6683870967741935,-5.146451612903226,9.299032258064516,2.9729032258064514,2002,1,1
2002-02-01,133675.0,37502.0,4.828107142857143,9.198571428571428,137.8892857142857,95.16714285714285,-7.401071428571428,67.1625,-5.3625,-9.61892857142857,11.117857142857144,4.560714285714286,2002,2,1
2002-03-01,162329.0,47340.0,2.8848387096774197,11.058064516129033,139.10000000000002,96.26645161290323,-11.755806451612903,70.98032258064515,-9.746774193548386,-13.97709677419355,12.060967741935483,6.470967741935484,2002,3,1
2002-04-01,160303.0,50658.0,0.9940300000000001,9.382333333333333,145.93666666666667,95.72133333333333,-15.981666666666666,70.7,-14.007666666666667,-18.242666666666665,10.071,4.913,2002,4,2
2002-05-01,174011.0,54016.0,0.11546451612903226,11.471935483870968,134.57419354838711,96.5983870967742,-14.711612903225806,73.04612903225807,-12.796451612903226,-16.78258064516129,12.31967741935484,6.128709677419355,2002,5,2
2002-06-01,178971.0,56689.0,0.00033666666666666665,11.126666666666667,140.38,95.79933333333334,-17.540666666666667,75.07199999999999,-15.423666666666666,-19.802,11.979333333333333,6.016,2002,6,2
2002-07-01,184323.0,56077.0,0.03397096774193548,11.272258064516128,137.08064516129033,96.04935483870969,-19.11032258064516,74.01064516129033,-17.345483870967744,-20.85451612903226,12.23,6.228709677419355,2002,7,3
2002-08-01,183261.0,55538.0,0.5932774193548387,9.273225806451611,137.79032258064515,95.15387096774194,-22.498709677419356,79.55774193548388,-20.58709677419355,-24.432258064516127,10.425483870967742,4.458064516129032,2002,8,3
2002-09-01,166869.0,50089.0,2.2868133333333334,12.729999999999999,132.84,95.537,-17.954666666666665,72.56933333333333,-15.960333333333333,-20.317999999999998,13.408666666666667,7.776,2002,9,3
2002-10-01,173473.0,52785.0,4.736287096774194,11.399677419354838,134.5225806451613,96.26,-14.692580645161291,69.98709677419355,-11.99,-17.491612903225807,12.565806451612904,6.347096774193548,2002,10,4
2002-11-01,150241.0,45700.0,7.629410000000001,8.560333333333334,129.69333333333333,95.62166666666667,-9.602333333333332,68.42266666666666,-6.681333333333333,-13.073333333333332,9.816666666666666,4.363666666666666,2002,11,4
2002-12-01,138513.0,40148.0,8.896209677419353,8.445483870967742,139.07419354838711,95.21225806451612,-4.782258064516129,69.6183870967742,-2.4503225806451616,-8.112258064516128,10.076451612903226,3.9725806451612904,2002,12,4
2003-01-01,127837.0,35652.0,6.748058064516129,9.180645161290323,127.36774193548388,96.27161290322582,-2.8609677419354838,75.7509677419355,-1.1112903225806452,-5.145161290322581,10.533548387096776,4.493225806451613,2003,1,1
2003-02-01,105360.0,29850.0,4.641857142857143,8.875,132.7107142857143,95.99321428571429,-4.529642857142857,71.7925,-2.7510714285714286,-6.611785714285714,9.957857142857142,4.752142857142857,2003,2,1
2003-03-01,100059.0,27240.0,2.2009032258064516,10.283548387096776,132.44516129032257,95.81838709677419,-10.607096774193549,77.13677419354838,-9.099032258064517,-12.320645161290322,11.793870967741936,5.846451612903226,2003,3,1
2003-04-01,118044.0,35784.0,1.05956,10.607666666666667,143.06666666666666,95.53233333333334,-18.40666666666667,77.39366666666666,-16.816,-20.522666666666666,11.521666666666667,6.091333333333334,2003,4,2
2003-05-01,123355.0,35848.0,0.12956451612903225,11.056774193548387,137.54516129032257,96.00193548387097,-20.6,78.16387096774193,-18.278709677419354,-23.331935483870968,11.956129032258064,5.904193548387097,2003,5,2
2003-06-01,120361.0,37692.0,0.0004533333333333333,12.935666666666666,133.16333333333333,96.60033333333334,-19.209333333333333,77.386,-17.34733333333333,-21.324333333333335,14.018333333333334,7.314333333333334,2003,6,2
2003-07-01,133075.0,42260.0,0.032780645161290325,11.370967741935484,136.94516129032257,95.71032258064515,-21.431612903225805,77.17645161290322,-19.301612903225806,-23.93548387096774,12.753225806451614,5.79516129032258,2003,7,3
2003-08-01,147763.0,45466.0,0.49208709677419354,12.229032258064517,138.3,95.03193548387097,-22.013548387096773,75.62032258064517,-20.07193548387097,-24.181612903225805,13.506129032258064,6.477741935483871,2003,8,3
2003-09-01,116381.0,40183.0,2.197413333333333,12.805,134.67666666666668,95.14833333333333,-19.23033333333333,75.867,-17.185,-21.878666666666668,14.479333333333333,7.349666666666667,2003,9,3
2003-10-01,96235.0,30214.0,5.093548387096774,10.621290322580645,137.25806451612902,95.47387096774193,-17.080645161290324,70.44322580645161,-14.329354838709676,-20.307419354838707,11.785161290322582,5.848064516129032,2003,10,4
2003-11-01,94190.0,29937.0,7.882716666666667,9.246333333333332,134.28333333333333,95.67766666666667,-10.198333333333332,66.59366666666666,-7.059,-14.052666666666665,11.123333333333333,4.382666666666666,2003,11,4
2003-12-01,93820.0,28098.0,9.033816129032257,11.663225806451614,129.11935483870968,96.25225806451614,-3.4099999999999997,68.78645161290324,-0.9606451612903225,-6.606774193548387,12.466451612903224,6.309354838709678,2003,12,4
2004-01-01,91029.0,26813.0,6.936990322580645,7.746774193548387,122.00322580645161,95.6774193548387,-2.420967741935484,79.28870967741935,-0.873225806451613,-4.515806451612904,9.380322580645162,3.3954838709677415,2004,1,1
2004-02-01,102220.0,30456.0,4.569255172413793,9.83344827586207,133.18620689655174,96.34241379310345,-5.467586206896552,71.06965517241379,-3.86551724137931,-7.465862068965517,11.099310344827586,5.103793103448275,2004,2,1
2004-03-01,113472.0,34493.0,2.132441935483871,11.091935483870966,138.13870967741937,95.31,-11.752903225806453,74.48096774193547,-10.179677419354839,-13.813870967741936,12.940645161290323,6.1332258064516125,2004,3,1
2004-04-01,115758.0,39088.0,1.0020766666666667,10.879333333333333,145.72333333333333,95.54266666666666,-18.34,76.02133333333333,-16.852999999999998,-20.322333333333333,11.763,6.4270000000000005,2004,4,2
2004-05-01,122069.0,36841.0,0.11767096774193549,11.37516129032258,135.8967741935484,95.79161290322581,-18.404838709677417,74.93064516129031,-16.294838709677418,-20.53451612903226,12.676774193548388,6.073225806451613,2004,5,2
2004-06-01,153091.0,48628.0,0.0003266666666666667,10.862666666666666,143.91666666666666,95.31866666666666,-21.784333333333333,74.88433333333334,-19.724333333333334,-23.855999999999998,12.010666666666667,5.731333333333334,2004,6,2
2004-07-01,142933.0,45693.0,0.03756129032258065,10.500967741935483,132.57419354838711,94.96322580645162,-21.963548387096775,80.07677419354839,-20.218387096774194,-23.910645161290322,12.543870967741936,4.71741935483871,2004,7,3
2004-08-01,105667.0,34251.0,0.5485290322580645,12.077419354838709,140.13548387096773,94.79806451612903,-19.60451612903226,76.29870967741937,-17.69645161290323,-22.049032258064514,14.192258064516128,5.769354838709678,2004,8,3
2004-09-01,97196.0,34683.0,2.384736666666667,10.227333333333332,138.16666666666666,94.94566666666667,-22.177333333333333,76.78299999999999,-20.011333333333333,-24.58566666666667,11.438666666666666,5.3966666666666665,2004,9,3
2004-10-01,83344.0,32596.0,4.836358064516129,10.682258064516128,137.51612903225808,95.47935483870968,-14.856451612903227,68.80967741935484,-11.999032258064517,-18.156451612903226,12.321290322580644,5.611290322580646,2004,10,4
2004-11-01,95471.0,28652.0,7.379613333333333,13.711666666666668,128.73999999999998,95.31733333333334,-7.727666666666667,70.89699999999999,-5.511666666666667,-10.496666666666666,15.422666666666666,8.235666666666667,2004,11,4
2004-12-01,80256.0,25344.0,8.85033548387097,10.718709677419357,123.07741935483871,95.91225806451614,-2.9503225806451616,73.5716129032258,-1.0083870967741937,-5.839677419354839,11.29225806451613,5.740967741935484,2004,12,4
2005-01-01,99268.0,30882.0,7.493164516129033,8.143225806451612,124.48709677419355,95.88064516129033,-3.0509677419354837,74.61193548387098,-1.0596774193548388,-6.128709677419355,9.313225806451612,3.7532258064516126,2005,1,1
2005-02-01,92643.0,28616.0,5.885225,10.165714285714285,138.07857142857142,95.51821428571428,-7.646428571428571,65.79071428571429,-4.861428571428571,-10.95142857142857,11.879285714285714,4.7825,2005,2,1
2005-03-01,97165.0,30238.0,2.8049,10.94774193548387,137.3516129032258,95.63967741935484,-10.702903225806452,71.78193548387097,-8.846774193548388,-13.119354838709677,12.791935483870969,5.718387096774193,2005,3,1
2005-04-01,106833.0,38349.0,0.97715,9.972000000000001,141.75,95.37433333333334,-18.32266666666667,76.91633333333333,-16.611,-20.45266666666667,11.085333333333333,5.423666666666667,2005,4,2
2005-05-01,122499.0,51229.0,0.1331709677419355,11.048064516129033,139.63548387096773,95.92677419354838,-20.393225806451614,78.4416129032258,-18.46483870967742,-22.36032258064516,12.031290322580643,6.074193548387097,2005,5,2
2005-06-01,87737.0,33661.0,0.00031666666666666665,11.479999999999999,140.42333333333332,96.374,-17.220000000000002,70.54899999999999,-15.232333333333335,-19.376666666666665,12.066,6.433666666666666,2005,6,2
2005-07-01,138371.0,50726.0,0.03632903225806451,10.855483870967742,141.0935483870968,95.74,-20.003870967741936,75.36548387096774,-18.301290322580645,-21.905806451612904,12.024838709677418,5.518387096774194,2005,7,3
2005-08-01,117023.0,44143.0,0.5705064516129033,11.423225806451613,143.2516129032258,95.24064516129032,-21.054193548387094,72.03451612903227,-19.039032258064516,-23.29064516129032,12.886774193548387,6.317741935483871,2005,8,3
2005-09-01,104306.0,38300.0,2.157526666666667,11.372666666666667,131.05333333333334,94.977,-18.892999999999997,74.963,-16.803,-21.259,12.697,6.501,2005,9,3
2005-10-01,88546.0,35050.0,4.8646806451612905,10.691935483870967,135.82258064516128,95.20322580645161,-16.00774193548387,71.58129032258064,-13.39225806451613,-19.043548387096774,11.915806451612903,6.088709677419355,2005,10,4
2005-11-01,71837.0,24680.0,7.859553333333333,10.498,130.82666666666668,95.41133333333333,-10.174666666666667,69.27433333333333,-7.479666666666666,-13.506,11.730666666666668,5.7330000000000005,2005,11,4
2005-12-01,85529.0,28472.0,8.74999677419355,10.251290322580646,125.14193548387097,96.62225806451613,-2.633870967741936,73.32290322580644,-0.7254838709677419,-5.336451612903226,11.33774193548387,5.368064516129032,2005,12,4
2006-01-01,101991.0,34356.0,8.087032258064516,9.900645161290322,129.29354838709676,95.69999999999999,-3.3696774193548387,69.35032258064517,-1.1061290322580646,-6.616129032258065,11.668387096774195,5.10516129032258,2006,1,1
2006-02-01,70427.0,24641.0,4.934246428571428,8.780357142857143,133.8642857142857,95.87964285714285,-7.675,67.87607142857142,-5.177142857142857,-10.3575,10.459285714285715,5.023928571428571,2006,2,1
2006-03-01,76183.0,30904.0,2.3372774193548387,11.376451612903226,138.19354838709677,95.55290322580645,-12.758709677419354,74.88322580645162,-10.829032258064515,-15.011935483870968,12.646129032258063,7.089032258064516,2006,3,1
2006-04-01,55901.0,21235.0,0.9445733333333333,11.124333333333334,143.99666666666664,95.79233333333333,-16.535333333333334,69.70766666666667,-14.772,-18.62366666666667,11.835333333333333,6.149333333333333,2006,4,2
2006-05-01,117814.0,45658.0,0.13734516129032256,9.372903225806452,137.38709677419354,95.52387096774193,-21.269354838709678,71.71129032258065,-19.205483870967743,-23.279032258064515,10.454193548387096,4.058709677419355,2006,5,2
2006-06-01,83806.0,31052.0,0.00036,12.499666666666666,139.07999999999998,95.40966666666667,-20.28166666666667,69.56766666666667,-18.112666666666666,-22.659,12.881,7.069,2006,6,2
2006-07-01,109923.0,43473.0,0.03805806451612903,11.088387096774193,139.68709677419355,94.70612903225806,-24.88806451612903,77.9558064516129,-23.40774193548387,-26.531612903225806,12.126774193548387,5.6093548387096765,2006,7,3
2006-08-01,101347.0,40448.0,0.5838645161290323,9.692580645161291,138.53870967741935,96.71483870967741,-19.807096774193546,70.61483870967741,-17.721612903225807,-21.94709677419355,10.764516129032257,4.821612903225806,2006,8,3
2006-09-01,94645.0,36661.0,2.1212566666666666,13.104666666666667,135.92333333333332,95.43833333333333,-19.305666666666664,74.07166666666667,-17.651,-21.336000000000002,14.322000000000001,7.72,2006,9,3
2006-10-01,82632.0,30967.0,4.804435483870968,8.789032258064516,134.46129032258065,94.95806451612903,-16.806451612903224,73.47806451612904,-14.078709677419354,-19.83709677419355,11.27290322580645,3.6887096774193546,2006,10,4
2006-11-01,66516.0,23496.0,7.50928,11.953666666666667,130.93333333333334,95.049,-8.934333333333333,69.72800000000001,-6.372,-12.304666666666666,14.054333333333334,6.869333333333333,2006,11,4
2006-12-01,76816.0,24284.0,9.293025806451613,7.293870967741935,136.10000000000002,95.66387096774193,-5.859354838709678,68.81064516129032,-3.284838709677419,-9.326451612903226,8.708709677419355,2.879032258064516,2006,12,4
2007-01-01,94312.0,32332.0,7.590338709677419,11.894838709677419,125.00322580645161,95.80741935483871,-3.9761290322580645,70.03677419354838,-1.7103225806451612,-6.980645161290322,13.476129032258065,6.401935483870968,2007,1,1
2007-02-01,71851.0,24330.0,5.541200000000001,9.4175,136.7607142857143,95.59678571428572,-8.592142857142857,67.15571428571428,-5.4628571428571435,-11.848928571428571,11.358571428571429,4.075714285714286,2007,2,1
2007-03-01,78271.0,29201.0,2.940909677419355,9.892258064516128,141.18064516129033,96.09548387096774,-14.691612903225806,69.71387096774194,-12.209354838709677,-17.394193548387097,11.254193548387097,4.944838709677419,2007,3,1
2007-04-01,90571.0,35533.0,1.0451066666666666,11.269,127.14,96.01466666666667,-15.404333333333334,69.937,-13.474333333333334,-17.749333333333333,11.886333333333335,6.227333333333333,2007,4,2
2007-05-01,80305.0,29720.0,0.11555806451612903,14.550645161290323,138.18387096774194,95.59870967741935,-14.406774193548388,67.09806451612903,-12.547419354838711,-16.357096774193547,15.728709677419356,8.73258064516129,2007,5,2
2007-06-01,75449.0,30077.0,0.0004066666666666666,11.315,139.97,96.57566666666666,-18.837333333333333,69.11333333333333,-16.920666666666666,-20.831333333333337,12.014333333333333,5.915,2007,6,2
2007-07-01,62826.0,29449.0,0.03457741935483871,13.612903225806452,136.27096774193546,96.75225806451614,-18.399354838709677,69.87741935483871,-16.46451612903226,-20.381290322580647,13.671612903225807,8.494516129032258,2007,7,3
2007-08-01,,36777.0,0.5719354838709677,11.620967741935484,137.49032258064514,95.59677419354838,-19.732903225806453,69.97741935483872,-17.629354838709677,-22.316774193548387,12.764838709677418,6.251290322580645,2007,8,3
2007-09-01,88676.0,35755.0,2.2360233333333337,10.251333333333333,136.66333333333333,95.70333333333333,-21.33833333333333,71.048,-19.047666666666665,-23.975,11.469666666666665,5.302666666666667,2007,9,3
2007-10-01,85981.0,31896.0,4.925516129032258,11.221290322580646,137.50645161290322,95.58225806451614,-16.168387096774193,66.05870967741936,-13.08258064516129,-19.62741935483871,12.663870967741936,5.824516129032258,2007,10,4
2007-11-01,76809.0,25224.0,7.4112,12.659666666666668,129.64,95.50099999999999,-7.958,66.56233333333334,-5.148666666666667,-11.350666666666665,14.045666666666667,7.506,2007,11,4
2007-12-01,112781.0,37601.0,8.857625806451614,12.650967741935483,128.93225806451613,95.09258064516129,-5.033225806451613,71.43741935483871,-3.0219354838709678,-7.674838709677419,14.849032258064517,6.088709677419355,2007,12,4
2008-01-01,82907.0,27326.0,8.505812903225808,7.231612903225806,133.28709677419354,95.70709677419354,-5.9719354838709675,68.03999999999999,-2.9522580645161294,-9.77,8.771935483870967,2.5987096774193548,2008,1,1
2008-02-01,63367.0,21574.0,5.555775862068966,11.238275862068967,133.75862068965517,95.23379310344828,-8.740689655172414,66.86344827586207,-6.119999999999999,-11.952068965517242,12.69206896551724,5.913103448275861,2008,2,1
2008-03-01,73804.0,26214.0,3.0227064516129034,9.829032258064515,137.06451612903226,95.90903225806451,-14.587419354838708,68.55612903225806,-12.086129032258064,-17.71741935483871,11.216451612903224,5.122258064516129,2008,3,1
2008-04-01,90628.0,32745.0,1.04539,10.652,140.14666666666665,96.15233333333335,-17.588666666666665,67.887,-15.739,-19.686,11.662333333333333,4.98,2008,4,2
2008-05-01,68962.0,25445.0,0.10783225806451613,11.26290322580645,141.92580645161289,96.03,-18.746129032258064,70.38677419354838,-16.651935483870968,-21.07903225806452,11.59483870967742,6.120645161290323,2008,5,2
2008-06-01,76519.0,32107.0,0.00032333333333333335,10.471666666666666,139.61333333333332,95.69433333333333,-24.646333333333335,73.56533333333333,-22.699,-26.5,10.484666666666667,5.456666666666666,2008,6,2
2008-07-01,106860.0,39812.0,0.032874193548387096,13.40709677419355,132.17741935483872,95.57935483870968,-18.970322580645163,70.94612903225806,-17.346774193548388,-20.703548387096774,14.856451612903227,6.787419354838709,2008,7,3
2008-08-01,96750.0,38285.0,0.5811677419354839,9.464516129032257,145.41935483870967,95.33225806451614,-24.217741935483872,74.02935483870968,-22.429032258064513,-26.34967741935484,10.308387096774194,4.47516129032258,2008,8,3
2008-09-01,94375.0,36741.0,2.28055,10.999666666666666,143.73666666666668,95.50766666666667,-21.653666666666666,69.365,-19.247333333333334,-24.384666666666664,12.408999999999999,5.473666666666667,2008,9,3
2008-10-01,86962.0,31446.0,5.091422580645162,8.689677419354839,133.88387096774193,94.86064516129032,-19.692258064516132,69.56709677419354,-16.45806451612903,-23.122258064516128,9.961290322580645,3.8429032258064515,2008,10,4
2008-11-01,70942.0,25243.0,7.62023,10.277,132.85999999999999,95.07333333333332,-9.759333333333332,69.046,-6.685666666666666,-13.452333333333334,11.916333333333334,4.852,2008,11,4
2008-12-01,100425.0,33015.0,8.324812903225807,10.400967741935483,127.58064516129032,95.31903225806451,-4.099677419354839,74.74,-2.071290322580645,-6.5606451612903225,12.042903225806452,4.752258064516129,2008,12,4
2009-01-01,91949.0,29292.0,6.814332258064517,9.070322580645161,129.7225806451613,95.79096774193549,-4.476129032258064,71.11967741935484,-2.4116129032258065,-6.9880645161290325,11.02258064516129,4.041935483870968,2009,1,1
2009-02-01,75518.0,22152.0,4.077589285714286,11.858214285714286,134.98214285714286,95.59821428571429,-5.982142857142857,76.43892857142858,-4.509642857142857,-7.963214285714286,14.174999999999999,6.235714285714286,2009,2,1
2009-03-01,59851.0,20817.0,2.166461290322581,11.56225806451613,134.68064516129033,95.63806451612902,-12.028709677419354,72.29677419354839,-10.444516129032257,-13.718709677419353,12.717419354838709,6.610645161290323,2009,3,1
2009-04-01,82341.0,28998.0,1.0114366666666668,11.036,139.74333333333334,96.03266666666667,-19.430333333333333,73.82866666666668,-17.594,-21.446,11.485333333333333,6.264333333333334,2009,4,2
2009-05-01,99844.0,33356.0,0.12331612903225807,12.070322580645161,139.27096774193546,96.20709677419354,-18.883870967741935,69.38193548387098,-16.70225806451613,-21.129677419354838,13.163870967741936,6.218064516129032,2009,5,2
2009-06-01,102800.0,34514.0,0.00037,11.371333333333332,135.22666666666666,96.475,-17.851999999999997,67.93133333333334,-15.434666666666667,-20.205666666666666,11.942,5.8566666666666665,2009,6,2
2009-07-01,102548.0,32417.0,0.03524838709677419,12.040000000000001,138.83225806451614,95.78483870967742,-18.12516129032258,68.35387096774193,-15.839354838709676,-20.605483870967742,12.80483870967742,6.303225806451613,2009,7,3
2009-08-01,113652.0,37963.0,0.5864225806451613,9.884516129032258,134.44516129032257,96.0974193548387,-22.831612903225807,72.90935483870967,-20.84,-25.039354838709677,10.834838709677419,4.92483870967742,2009,8,3
2009-09-01,92585.0,30912.0,2.34609,11.860999999999999,135.24666666666667,95.74133333333333,-19.334999999999997,70.78033333333333,-17.416666666666668,-21.723333333333336,12.561666666666667,6.6933333333333325,2009,9,3
2009-10-01,91088.0,29516.0,5.155048387096774,11.037096774193548,137.54516129032257,95.48032258064515,-16.87548387096774,64.78903225806452,-13.851612903225806,-20.188064516129035,12.411290322580646,5.452903225806451,2009,10,4
2009-11-01,74096.0,24547.0,7.795046666666666,9.957666666666666,128.75333333333333,95.92766666666667,-9.667666666666666,69.89933333333333,-6.602,-13.084333333333335,10.985999999999999,5.0840000000000005,2009,11,4
2009-12-01,15005.0,56042.0,8.748070967741935,10.235806451612904,132.26774193548388,95.70967741935483,-5.2941935483870965,68.05451612903227,-2.734516129032258,-8.345483870967742,11.977741935483872,4.629032258064516,2009,12,4
2010-01-01,62785.0,28132.0,7.028025806451613,9.831290322580644,128.6516129032258,96.44806451612902,-3.161612903225806,71.19129032258064,-1.005483870967742,-5.586451612903226,10.680967741935484,4.74,2010,1,1
2010-02-01,40010.0,21105.0,4.951978571428571,9.654642857142857,137.31428571428572,96.36142857142856,-6.520357142857143,67.4475,-4.506785714285714,-8.562142857142858,11.895357142857142,5.015357142857143,2010,2,1
2010-03-01,55219.0,20834.0,2.335909677419355,11.312903225806451,138.10000000000002,95.82806451612903,-12.104193548387098,75.36,-10.262258064516129,-14.040967741935484,12.846451612903227,6.86483870967742,2010,3,1
2010-04-01,81130.0,27516.0,0.99572,9.814333333333334,135.58666666666667,95.93599999999999,-19.858999999999998,77.711,-17.800666666666665,-21.926333333333332,10.674666666666667,5.190333333333333,2010,4,2
2010-05-01,72648.0,26591.0,0.13111935483870968,11.725483870967743,135.2258064516129,95.63645161290323,-21.291612903225804,72.61451612903227,-19.200645161290325,-23.348709677419354,12.991935483870968,5.798387096774194,2010,5,2
2010-06-01,86337.0,30479.0,0.00038333333333333334,12.231666666666666,139.12,94.95366666666668,-22.324,72.99533333333333,-20.353666666666665,-24.38266666666667,12.817666666666668,7.015333333333333,2010,6,2
2010-07-01,96318.0,36020.0,0.03602258064516129,12.088064516129032,142.38064516129032,94.68806451612903,-25.59161290322581,77.03548387096774,-23.458064516129035,-27.71,13.88258064516129,5.983870967741935,2010,7,3
2010-08-01,100563.0,35144.0,0.49433548387096776,11.636451612903226,137.7258064516129,94.85935483870968,-24.478709677419356,76.52483870967743,-22.50258064516129,-26.656129032258065,13.41,5.698709677419354,2010,8,3
2010-09-01,95057.0,32352.0,2.1775333333333333,12.565333333333333,135.66666666666666,95.03333333333333,-17.494666666666667,71.923,-15.381666666666666,-20.387999999999998,14.285,7.143,2010,9,3
2010-10-01,90676.0,30210.0,4.8030193548387095,9.529354838709677,133.66774193548386,95.33451612903225,-17.754193548387097,72.16225806451614,-15.02290322580645,-20.793870967741935,11.564838709677419,4.283870967741936,2010,10,4
2010-11-01,93361.0,31100.0,7.749106666666666,10.138333333333332,130.57,95.54166666666667,-11.288333333333332,66.62433333333334,-8.351333333333333,-14.736666666666668,11.978666666666667,4.9783333333333335,2010,11,4
2010-12-01,69394.0,22550.0,9.119722580645162,10.966129032258063,126.14193548387097,96.04967741935484,-5.478709677419355,71.70903225806451,-3.051290322580645,-8.614193548387098,11.567096774193548,5.994193548387097,2010,12,4
2011-01-01,76358.0,22539.0,8.094916129032258,11.025161290322579,127.97419354838709,96.26032258064517,-4.0687096774193545,71.24,-1.6048387096774193,-7.296129032258064,12.476129032258065,5.399677419354839,2011,1,1
2011-02-01,76580.0,22294.0,6.209153571428572,8.561071428571429,141.72142857142856,95.99107142857143,-10.582142857142857,66.64464285714286,-7.2942857142857145,-14.215,10.101785714285715,3.172857142857143,2011,2,1
2011-03-01,80659.0,24345.0,3.1258935483870967,12.769354838709678,138.3741935483871,95.7741935483871,-13.825806451612904,67.4058064516129,-11.46967741935484,-16.761612903225807,13.541612903225808,7.093548387096774,2011,3,1
2011-04-01,103351.0,36200.0,1.0628933333333335,11.021333333333333,140.89,96.261,-18.692333333333334,67.101,-16.966333333333335,-20.855999999999998,12.139000000000001,5.833,2011,4,2
2011-05-01,118705.0,39400.0,0.12719032258064517,11.884516129032258,137.3483870967742,95.61967741935484,-20.811612903225804,68.52483870967743,-18.8341935483871,-22.778709677419354,12.844193548387098,6.452903225806451,2011,5,2
2011-06-01,103423.0,32236.0,0.00031666666666666665,11.359,136.97666666666666,96.55966666666667,-20.482000000000003,67.15,-18.418333333333333,-22.689666666666664,12.133999999999999,6.199666666666667,2011,6,2
2011-07-01,116278.0,38027.0,0.03177096774193548,12.938064516129032,132.19032258064516,96.11032258064516,-18.090967741935483,70.74516129032257,-16.053548387096775,-20.188709677419357,13.953870967741935,7.305806451612903,2011,7,3
2011-08-01,94604.0,27433.0,0.5710096774193548,10.464193548387096,140.40322580645162,96.02161290322582,-21.44677419354839,68.61999999999999,-19.198709677419355,-23.585806451612903,10.956129032258064,5.339032258064516,2011,8,3
2011-09-01,105516.0,34588.0,2.26876,12.327333333333334,138.65666666666667,95.8,-21.012,65.845,-18.447,-24.037666666666667,13.444333333333333,7.132333333333333,2011,9,3
2011-10-01,126780.0,40321.0,4.996616129032258,9.343548387096773,141.17419354838708,95.51741935483871,-19.67967741935484,64.45387096774193,-16.35258064516129,-23.05548387096774,11.163225806451614,3.7416129032258065,2011,10,4
2011-11-01,92203.0,27234.0,7.558269999999999,13.898333333333333,124.67666666666668,96.18366666666667,-9.35,67.86233333333332,-6.696666666666667,-12.465666666666667,14.901,8.412,2011,11,4
2011-12-01,107910.0,32178.0,9.40568064516129,7.941935483870967,140.15483870967742,95.33483870967743,-6.06741935483871,68.14129032258064,-3.227096774193549,-9.328387096774193,10.078709677419354,2.74741935483871,2011,12,4
2012-01-01,83209.0,24564.0,7.070658064516129,10.916774193548388,128.6032258064516,95.0083870967742,-5.208064516129032,71.19903225806452,-3.0883870967741935,-7.607419354838709,13.158709677419356,5.23483870967742,2012,1,1
2012-02-01,68022.0,20500.0,4.795875862068965,12.059655172413795,133.6,95.86206896551724,-7.571034482758621,68.04241379310345,-5.573448275862069,-9.805517241379311,14.013793103448275,7.105172413793104,2012,2,1
2012-03-01,84057.0,26511.0,2.7165870967741936,9.970967741935485,140.29677419354837,95.76354838709678,-15.369677419354838,75.39516129032258,-13.19774193548387,-17.44193548387097,10.734193548387097,5.52741935483871,2012,3,1
2012-04-01,110077.0,36085.0,0.9140633333333333,11.508000000000001,139.06333333333333,95.539,-18.403666666666666,73.02666666666667,-16.290333333333333,-20.631666666666668,12.752333333333333,5.9286666666666665,2012,4,2
2012-05-01,121215.0,41728.0,0.12683225806451612,9.968387096774192,145.03548387096777,96.0458064516129,-22.450000000000003,73.53387096774195,-20.33483870967742,-24.651612903225807,10.577096774193548,5.007419354838709,2012,5,2
2012-06-01,105476.0,46463.0,0.0003533333333333333,13.891,134.47666666666666,95.788,-21.30666666666667,74.563,-19.326666666666664,-23.537333333333333,14.698,8.282666666666666,2012,6,2
2012-07-01,122837.0,44269.0,0.03773548387096774,11.313548387096775,139.51290322580644,95.22322580645161,-24.754516129032258,75.86387096774195,-22.52774193548387,-26.700322580645164,13.653870967741934,5.3190322580645155,2012,7,3
2012-08-01,109183.0,37428.0,0.5550645161290323,10.938387096774193,141.75483870967741,95.67483870967742,-23.511935483870968,71.03322580645163,-21.473870967741938,-25.394193548387097,11.450645161290321,5.651290322580645,2012,8,3
2012-09-01,112144.0,38394.0,2.25465,12.033999999999999,145.00666666666666,95.24433333333333,-23.146333333333335,71.312,-20.868,-25.57133333333333,13.312333333333333,6.697,2012,9,3
2012-10-01,115189.0,37149.0,4.859264516129032,12.011612903225807,136.87419354838707,95.23258064516129,-15.926774193548388,68.1774193548387,-12.98483870967742,-19.272903225806452,13.493225806451614,6.11483870967742,2012,10,4
2012-11-01,76173.0,23350.0,7.742663333333334,12.547666666666666,128.68,96.02666666666667,-8.852333333333332,67.70400000000001,-6.09,-12.052333333333333,13.870666666666667,6.832,2012,11,4
2012-12-01,86123.0,23983.0,8.804825806451612,9.629032258064516,124.74193548387096,96.16516129032257,-4.47,72.7258064516129,-2.1583870967741934,-7.311612903225806,11.000322580645161,4.4480645161290315,2012,12,4
2013-01-01,70102.0,29294.0,6.46421935483871,14.13225806451613,124.63548387096773,95.56903225806451,-3.8529032258064517,72.52290322580646,-2.168709677419355,-5.854516129032258,15.256129032258064,8.300967741935484,2013,1,1
2013-02-01,72344.0,21857.0,4.667714285714285,10.719285714285714,138.53571428571428,95.39857142857143,-7.808571428571428,68.34642857142858,-5.721071428571428,-10.0025,12.561071428571427,5.866071428571429,2013,2,1
2013-03-01,92241.0,30991.0,2.4933290322580643,8.84290322580645,135.3,95.44806451612902,-14.745483870967742,74.65387096774194,-12.829032258064515,-16.718709677419355,10.18741935483871,4.258709677419355,2013,3,1
2013-04-01,101461.0,32814.0,0.9486133333333334,11.313333333333333,126.23333333333333,95.63433333333334,-18.059666666666665,74.759,-16.318666666666665,-20.038,13.034333333333334,5.819333333333334,2013,4,2
2013-05-01,117848.0,37963.0,0.1213,9.892903225806451,141.2,95.70870967741935,-23.09935483870968,70.59935483870967,-20.996451612903225,-25.24967741935484,10.724193548387097,4.9554838709677425,2013,5,2
2013-06-01,107577.0,36199.0,0.00036666666666666667,12.044666666666666,133.72,96.40233333333335,-19.557000000000002,69.33999999999999,-17.418666666666663,-22.058333333333334,12.274666666666667,6.789000000000001,2013,6,2
2013-07-01,106896.0,36121.0,0.037793548387096774,11.861612903225806,137.66129032258064,95.5741935483871,-22.01322580645161,73.99354838709678,-19.850322580645162,-23.996774193548386,13.474193548387097,6.269677419354839,2013,7,3
2013-08-01,98738.0,32268.0,0.5655,10.755161290322581,133.23548387096776,96.61483870967741,-21.77516129032258,71.62838709677419,-19.82935483870968,-23.812580645161294,11.144838709677419,5.83741935483871,2013,8,3
2013-09-01,86710.0,27422.0,2.21394,12.492666666666667,130.98333333333332,95.884,-16.505666666666666,69.84866666666667,-14.106333333333334,-19.657333333333334,13.921,6.795333333333334,2013,9,3
2013-10-01,84054.0,26105.0,4.678661290322581,12.435483870967742,129.7741935483871,95.58870967741936,-14.681290322580645,69.68483870967742,-12.076129032258065,-17.640645161290323,13.236774193548388,7.118064516129032,2013,10,4
2013-11-01,109484.0,35812.0,7.655866666666666,11.256,127.61,95.873,-8.497,67.476,-5.6,-11.846333333333332,12.46,5.437666666666667,2013,11,4
2013-12-01,129031.0,31588.0,9.085293548387096,10.029677419354838,134.3774193548387,95.81806451612904,-4.8996774193548385,71.67225806451613,-2.553225806451613,-7.830000000000001,11.514838709677418,4.750645161290323,2013,12,4
2014-01-01,91568.0,28641.0,8.214941935483871,9.153225806451612,133.88709677419354,95.98806451612903,-4.468387096774194,68.39387096774193,-1.4580645161290324,-8.079032258064515,11.096451612903227,3.302258064516129,2014,1,1
2014-02-01,61993.0,18530.0,5.827617857142857,11.058571428571428,133.05714285714285,95.71464285714286,-8.568928571428572,67.04321428571428,-5.6621428571428565,-11.967857142857143,12.192857142857141,5.8342857142857145,2014,2,1
2014-03-01,75925.0,23643.0,3.1978129032258065,9.27774193548387,135.8483870967742,95.99451612903225,-16.815483870967743,69.57000000000001,-14.071290322580644,-19.74258064516129,10.640967741935484,4.474838709677419,2014,3,1
2014-04-01,57497.0,18399.0,1.1021633333333334,10.259666666666668,136.04,95.88733333333333,-21.973000000000003,72.66933333333333,-19.969,-24.12,11.263,5.177666666666667,2014,4,2
2014-05-01,71246.0,23181.0,0.1208,14.553870967741936,136.01290322580644,95.95129032258063,-17.90225806451613,70.82612903225807,-15.608709677419355,-20.14741935483871,15.441290322580645,8.37258064516129,2014,5,2
2014-06-01,90038.0,31975.0,0.00039666666666666664,11.913666666666668,141.62,96.01466666666667,-23.225,73.923,-21.174333333333333,-25.23033333333333,12.392333333333333,6.933666666666666,2014,6,2
2014-07-01,84856.0,29300.0,0.032345161290322576,10.70483870967742,133.51612903225808,95.60354838709678,-23.289677419354838,75.85225806451614,-21.686129032258062,-24.984516129032258,11.17741935483871,5.410967741935484,2014,7,3
2014-08-01,66928.0,21689.0,0.6054258064516129,11.035161290322582,140.50322580645164,95.37548387096774,-21.9,72.9241935483871,-20.04516129032258,-24.220645161290324,12.206451612903225,5.583225806451614,2014,8,3
2014-09-01,53178.0,16479.0,2.1873633333333333,12.810666666666666,135.22333333333333,95.93433333333333,-18.807333333333336,69.02433333333333,-16.564,-21.246,13.203666666666667,7.381,2014,9,3
2014-10-01,60301.0,18546.0,5.024941935483871,10.495806451612903,137.50645161290322,95.44032258064516,-17.524193548387096,68.38612903225807,-14.097096774193549,-21.356129032258064,11.931612903225806,5.564838709677419,2014,10,4
2014-11-01,64722.0,19103.0,7.546166666666666,8.812333333333333,129.62333333333333,95.752,-8.695,70.05766666666666,-5.568,-12.107666666666667,10.379,4.118666666666667,2014,11,4
2014-12-01,58538.0,17769.0,8.83106129032258,12.510645161290322,124.69354838709677,95.12354838709678,-5.287096774193548,71.56516129032258,-3.152258064516129,-7.9390322580645165,13.506774193548386,7.030322580645161,2014,12,4
2015-01-01,71071.0,22157.0,7.589838709677419,9.161935483870968,125.74193548387096,95.71612903225805,-4.492258064516129,72.56838709677419,-2.3045161290322578,-7.178387096774194,10.37225806451613,4.435806451612903,2015,1,1
2015-02-01,55693.0,15705.0,5.224025,8.981071428571429,138.1142857142857,95.2625,-7.749285714285714,69.2525,-5.549285714285714,-9.978928571428572,11.222857142857142,4.160357142857142,2015,2,1
2015-03-01,65291.0,18157.0,2.4555290322580645,10.355161290322581,134.1483870967742,95.40838709677419,-13.25,72.84193548387097,-11.528387096774193,-15.363870967741937,11.888709677419355,5.226129032258064,2015,3,1
2015-04-01,78051.0,21976.0,0.9724033333333334,10.021666666666667,138.62333333333333,95.318,-20.142666666666667,76.066,-18.422666666666665,-22.297666666666665,11.656,4.719666666666667,2015,4,2
2015-05-01,133034.0,40926.0,0.12447419354838711,10.48225806451613,136.42903225806452,95.83322580645161,-24.549677419354836,74.24032258064516,-22.24774193548387,-26.627741935483872,11.495483870967742,4.8187096774193545,2015,5,2
2015-06-01,92603.0,31682.0,0.00043,10.912,138.95,95.83733333333333,-22.244666666666667,74.88233333333332,-20.158666666666665,-24.615666666666666,10.818,5.88,2015,6,2
2015-07-01,134418.0,44776.0,0.03205161290322581,10.479032258064517,144.60967741935482,95.58225806451614,-25.74774193548387,78.20064516129031,-23.753870967741936,-27.676774193548386,12.453870967741935,4.676774193548387,2015,7,3
2015-08-01,99657.0,36469.0,0.5353548387096774,10.980645161290322,139.86451612903227,94.93064516129031,-24.51483870967742,73.19806451612902,-22.299032258064514,-26.72258064516129,12.561290322580644,5.413548387096774,2015,8,3
2015-09-01,89104.0,29212.0,2.1521233333333334,12.389666666666667,138.43666666666667,94.95700000000001,-20.801,70.98033333333333,-18.388333333333332,-23.563,14.865333333333332,6.353666666666667,2015,9,3
2015-10-01,78649.0,23384.0,4.923412903225806,10.720322580645162,136.0774193548387,95.7874193548387,-18.259999999999998,67.34258064516129,-14.999354838709678,-21.657096774193548,12.241612903225807,4.8183870967741935,2015,10,4
2015-11-01,77277.0,22961.0,7.809393333333333,11.210666666666667,136.13,95.30300000000001,-9.837,66.50833333333334,-6.676666666666667,-13.475333333333333,12.383000000000001,5.864000000000001,2015,11,4
2015-12-01,80210.0,3148.0,9.000758064516129,11.307419354838709,129.44516129032257,95.6832258064516,-5.040645161290322,69.25,-2.4516129032258065,-8.116451612903226,12.670967741935485,5.561612903225806,2015,12,4
2016-01-01,77620.0,27815.0,7.827687096774193,10.110967741935484,130.1290322580645,95.39290322580645,-4.756774193548387,71.4041935483871,-2.4793548387096775,-7.3912903225806454,11.358387096774194,5.187741935483871,2016,1,1
2016-02-01,65859.0,19142.0,4.719062068965517,10.63103448275862,132.1206896551724,95.65310344827586,-8.12241379310345,70.55689655172414,-6.363793103448276,-10.146896551724138,12.854137931034483,5.159999999999999,2016,2,1
