Indicator 56 Monthly fuel usage of the generator sets and boilers,,,,,,,,,
Date,Latitude,Longitude,Place,Parameter,Value,Error,Unit of measure,,
Jan-93,-67.60269444,62.87380556,Mawson,Fuel usage,46837,,litres,,
Feb-93,-67.60269444,62.87380556,Mawson,Fuel usage,44224,,litres,,
Mar-93,-67.60269444,62.87380556,Mawson,Fuel usage,60008,,litres,,
Apr-93,-67.60269444,62.87380556,Mawson,Fuel usage,66361,,litres,,
May-93,-67.60269444,62.87380556,Mawson,Fuel usage,73614,,litres,,
Jun-93,-67.60269444,62.87380556,Mawson,Fuel usage,68455,,litres,,
Jul-93,-67.60269444,62.87380556,Mawson,Fuel usage,70883,,litres,,
Aug-93,-67.60269444,62.87380556,Mawson,Fuel usage,69062,,litres,,
Sep-93,-67.60269444,62.87380556,Mawson,Fuel usage,68592,,litres,,
Oct-93,-67.60269444,62.87380556,Mawson,Fuel usage,62229,,litres,,
Nov-93,-67.60269444,62.87380556,Mawson,Fuel usage,50975,,litres,,
Dec-93,-67.60269444,62.87380556,Mawson,Fuel usage,57053,,litres,,
Jan-94,-67.60269444,62.87380556,Mawson,Fuel usage,51568,,litres,,
Feb-94,-67.60269444,62.87380556,Mawson,Fuel usage,58484,,litres,,
Mar-94,-67.60269444,62.87380556,Mawson,Fuel usage,76078,,litres,,
Apr-94,-67.60269444,62.87380556,Mawson,Fuel usage,74699,,litres,,
May-94,-67.60269444,62.87380556,Mawson,Fuel usage,78484,,litres,,
Jun-94,-67.60269444,62.87380556,Mawson,Fuel usage,68931,,litres,,
Jul-94,-67.60269444,62.87380556,Mawson,Fuel usage,73453,,litres,,
Aug-94,-67.60269444,62.87380556,Mawson,Fuel usage,75598,,litres,,
Sep-94,-67.60269444,62.87380556,Mawson,Fuel usage,69716,,litres,,
Oct-94,-67.60269444,62.87380556,Mawson,Fuel usage,65339,,litres,,
Nov-94,-67.60269444,62.87380556,Mawson,Fuel usage,59819,,litres,,
Dec-94,-67.60269444,62.87380556,Mawson,Fuel usage,53094,,litres,,
Jan-95,-67.60269444,62.87380556,Mawson,Fuel usage,53587,,litres,,
Feb-95,-67.60269444,62.87380556,Mawson,Fuel usage,54743,,litres,,
Mar-95,-67.60269444,62.87380556,Mawson,Fuel usage,61617,,litres,,
Apr-95,-67.60269444,62.87380556,Mawson,Fuel usage,61463,,litres,,
May-95,-67.60269444,62.87380556,Mawson,Fuel usage,65657,,litres,,
Jun-95,-67.60269444,62.87380556,Mawson,Fuel usage,64673,,litres,,
Jul-95,-67.60269444,62.87380556,Mawson,Fuel usage,59942,,litres,,
Aug-95,-67.60269444,62.87380556,Mawson,Fuel usage,69094,,litres,,
Sep-95,-67.60269444,62.87380556,Mawson,Fuel usage,63870,,litres,,
Oct-95,-67.60269444,62.87380556,Mawson,Fuel usage,62003,,litres,,
Nov-95,-67.60269444,62.87380556,Mawson,Fuel usage,54392,,litres,,
Dec-95,-67.60269444,62.87380556,Mawson,Fuel usage,53070,,litres,,
Jan-96,-67.60269444,62.87380556,Mawson,Fuel usage,48309,,litres,,
Feb-96,-67.60269444,62.87380556,Mawson,Fuel usage,52263,,litres,,
Mar-96,-67.60269444,62.87380556,Mawson,Fuel usage,57795,,litres,,
Apr-96,-67.60269444,62.87380556,Mawson,Fuel usage,58533,,litres,,
May-96,-67.60269444,62.87380556,Mawson,Fuel usage,68915,,litres,,
Jun-96,-67.60269444,62.87380556,Mawson,Fuel usage,60460,,litres,,
Jul-96,-67.60269444,62.87380556,Mawson,Fuel usage,65854,,litres,,
Aug-96,-67.60269444,62.87380556,Mawson,Fuel usage,65699,,litres,,
Sep-96,-67.60269444,62.87380556,Mawson,Fuel usage,61383,,litres,,
Oct-96,-67.60269444,62.87380556,Mawson,Fuel usage,61849,,litres,,
Nov-96,-67.60269444,62.87380556,Mawson,Fuel usage,53479,,litres,,
Dec-96,-67.60269444,62.87380556,Mawson,Fuel usage,52755,,litres,,
Jan-97,-67.60269444,62.87380556,Mawson,Fuel usage,49877,,litres,,
Jan-97,-68.57661111,77.96738889,Davis,Fuel usage,51054,,litres,,
Feb-97,-67.60269444,62.87380556,Mawson,Fuel usage,47039,,litres,,
Feb-97,-68.57661111,77.96738889,Davis,Fuel usage,49176,,litres,,
Mar-97,-67.60269444,62.87380556,Mawson,Fuel usage,55874,,litres,,
Mar-97,-68.57661111,77.96738889,Davis,Fuel usage,55497,,litres,,
Apr-97,-67.60269444,62.87380556,Mawson,Fuel usage,63655,,litres,,
Apr-97,-68.57661111,77.96738889,Davis,Fuel usage,56360,,litres,,
May-97,-67.60269444,62.87380556,Mawson,Fuel usage,71595,,litres,,
May-97,-68.57661111,77.96738889,Davis,Fuel usage,62587,,litres,,
Jun-97,-67.60269444,62.87380556,Mawson,Fuel usage,65415,,litres,,
Jun-97,-68.57661111,77.96738889,Davis,Fuel usage,56898,,litres,,
Jul-97,-67.60269444,62.87380556,Mawson,Fuel usage,74792,,litres,,
Jul-97,-68.57661111,77.96738889,Davis,Fuel usage,60825,,litres,,
Aug-97,-67.60269444,62.87380556,Mawson,Fuel usage,70679,,litres,,
Aug-97,-68.57661111,77.96738889,Davis,Fuel usage,62583,,litres,,
Sep-97,-67.60269444,62.87380556,Mawson,Fuel usage,63957,,litres,,
Sep-97,-68.57661111,77.96738889,Davis,Fuel usage,55646,,litres,,
Oct-97,-67.60269444,62.87380556,Mawson,Fuel usage,63711,,litres,,
Oct-97,-68.57661111,77.96738889,Davis,Fuel usage,54967,,litres,,
Nov-97,-67.60269444,62.87380556,Mawson,Fuel usage,52666,,litres,,
Nov-97,-68.57661111,77.96738889,Davis,Fuel usage,48073,,litres,,
Dec-97,-67.60269444,62.87380556,Mawson,Fuel usage,50265,,litres,,
Dec-97,-68.57661111,77.96738889,Davis,Fuel usage,49836,,litres,,
Jan-98,-67.60269444,62.87380556,Mawson,Fuel usage,44981,,litres,,
Jan-98,-68.57661111,77.96738889,Davis,Fuel usage,47983,,litres,,
Jan-98,-66.28180556,110.5276111,Casey,Fuel usage,39798,,litres,,
Feb-98,-67.60269444,62.87380556,Mawson,Fuel usage,47092,,litres,,
Feb-98,-68.57661111,77.96738889,Davis,Fuel usage,42118,,litres,,
Feb-98,-66.28180556,110.5276111,Casey,Fuel usage,37325,,litres,,
Mar-98,-67.60269444,62.87380556,Mawson,Fuel usage,54409,,litres,,
Mar-98,-68.57661111,77.96738889,Davis,Fuel usage,54923,,litres,,
Mar-98,-66.28180556,110.5276111,Casey,Fuel usage,46425,,litres,,
Apr-98,-67.60269444,62.87380556,Mawson,Fuel usage,59613,,litres,,
Apr-98,-68.57661111,77.96738889,Davis,Fuel usage,58602,,litres,,
Apr-98,-66.28180556,110.5276111,Casey,Fuel usage,52213,,litres,,
May-98,-67.60269444,62.87380556,Mawson,Fuel usage,68362,,litres,,
May-98,-68.57661111,77.96738889,Davis,Fuel usage,52949,,litres,,
May-98,-66.28180556,110.5276111,Casey,Fuel usage,50651,,litres,,
Jun-98,-67.60269444,62.87380556,Mawson,Fuel usage,56935,,litres,,
Jun-98,-68.57661111,77.96738889,Davis,Fuel usage,53183,,litres,,
Jun-98,-66.28180556,110.5276111,Casey,Fuel usage,51849,,litres,,
Jul-98,-67.60269444,62.87380556,Mawson,Fuel usage,65080,,litres,,
Jul-98,-68.57661111,77.96738889,Davis,Fuel usage,57342,,litres,,
Jul-98,-66.28180556,110.5276111,Casey,Fuel usage,54132,,litres,,
Aug-98,-67.60269444,62.87380556,Mawson,Fuel usage,60948,,litres,,
Aug-98,-68.57661111,77.96738889,Davis,Fuel usage,53520,,litres,,
Aug-98,-66.28180556,110.5276111,Casey,Fuel usage,50191,,litres,,
Sep-98,-67.60269444,62.87380556,Mawson,Fuel usage,59421,,litres,,
Sep-98,-68.57661111,77.96738889,Davis,Fuel usage,52118,,litres,,
Sep-98,-66.28180556,110.5276111,Casey,Fuel usage,49837,,litres,,
Oct-98,-67.60269444,62.87380556,Mawson,Fuel usage,58667,,litres,,
Oct-98,-68.57661111,77.96738889,Davis,Fuel usage,53002,,litres,,
Oct-98,-66.28180556,110.5276111,Casey,Fuel usage,47533,,litres,,
Nov-98,-67.60269444,62.87380556,Mawson,Fuel usage,48478,,litres,,
Nov-98,-68.57661111,77.96738889,Davis,Fuel usage,47142,,litres,,
Nov-98,-66.28180556,110.5276111,Casey,Fuel usage,42721,,litres,,
Dec-98,-67.60269444,62.87380556,Mawson,Fuel usage,44645,,litres,,
Dec-98,-68.57661111,77.96738889,Davis,Fuel usage,44269,,litres,,
Dec-98,-66.28180556,110.5276111,Casey,Fuel usage,44841,,litres,,
Jan-99,-67.60269444,62.87380556,Mawson,Fuel usage,48847,,litres,,
Jan-99,-68.57661111,77.96738889,Davis,Fuel usage,45175,,litres,,
Jan-99,-66.28180556,110.5276111,Casey,Fuel usage,44809,,litres,,
Feb-99,-67.60269444,62.87380556,Mawson,Fuel usage,43846,,litres,,
Feb-99,-68.57661111,77.96738889,Davis,Fuel usage,40304,,litres,,
Feb-99,-66.28180556,110.5276111,Casey,Fuel usage,42059,,litres,,
Mar-99,-67.60269444,62.87380556,Mawson,Fuel usage,51693,,litres,,
Mar-99,-68.57661111,77.96738889,Davis,Fuel usage,52242,,litres,,
Mar-99,-66.28180556,110.5276111,Casey,Fuel usage,49264,,litres,,
Apr-99,-67.60269444,62.87380556,Mawson,Fuel usage,57425,,litres,,
Apr-99,-68.57661111,77.96738889,Davis,Fuel usage,54268,,litres,,
Apr-99,-66.28180556,110.5276111,Casey,Fuel usage,53098,,litres,,
May-99,-67.60269444,62.87380556,Mawson,Fuel usage,64140,,litres,,
May-99,-68.57661111,77.96738889,Davis,Fuel usage,58602,,litres,,
May-99,-66.28180556,110.5276111,Casey,Fuel usage,50462,,litres,,
Jun-99,-67.60269444,62.87380556,Mawson,Fuel usage,59237,,litres,,
Jun-99,-68.57661111,77.96738889,Davis,Fuel usage,55011,,litres,,
Jun-99,-66.28180556,110.5276111,Casey,Fuel usage,46395,,litres,,
Jul-99,-67.60269444,62.87380556,Mawson,Fuel usage,63856,,litres,,
Jul-99,-68.57661111,77.96738889,Davis,Fuel usage,56995,,litres,,
Jul-99,-66.28180556,110.5276111,Casey,Fuel usage,51296,,litres,,
Aug-99,-67.60269444,62.87380556,Mawson,Fuel usage,64204,,litres,,
Aug-99,-68.57661111,77.96738889,Davis,Fuel usage,52146,,litres,,
Aug-99,-66.28180556,110.5276111,Casey,Fuel usage,48947,,litres,,
Sep-99,-67.60269444,62.87380556,Mawson,Fuel usage,60470,,litres,,
Sep-99,-68.57661111,77.96738889,Davis,Fuel usage,52698,,litres,,
Sep-99,-66.28180556,110.5276111,Casey,Fuel usage,45971,,litres,,
Oct-99,-67.60269444,62.87380556,Mawson,Fuel usage,57913,,litres,,
Oct-99,-68.57661111,77.96738889,Davis,Fuel usage,45872,,litres,,
Oct-99,-66.28180556,110.5276111,Casey,Fuel usage,43303,,litres,,
Nov-99,-67.60269444,62.87380556,Mawson,Fuel usage,47062,,litres,,
Nov-99,-68.57661111,77.96738889,Davis,Fuel usage,41725,,litres,,
Nov-99,-66.28180556,110.5276111,Casey,Fuel usage,40528,,litres,,
Dec-99,-67.60269444,62.87380556,Mawson,Fuel usage,44914,,litres,,
Dec-99,-68.57661111,77.96738889,Davis,Fuel usage,42007,,litres,,
Dec-99,-66.28180556,110.5276111,Casey,Fuel usage,47154,,litres,,
Jan-00,-67.60269444,62.87380556,Mawson,Fuel usage,41865,,litres,,
Jan-00,-68.57661111,77.96738889,Davis,Fuel usage,44723,,litres,,
Jan-00,-66.28180556,110.5276111,Casey,Fuel usage,46908,,litres,,
Jan-00,-54.61988889,158.861,Macquarie Island,Fuel usage,19572,,litres,,
Feb-00,-67.60269444,62.87380556,Mawson,Fuel usage,42825,,litres,,
Feb-00,-68.57661111,77.96738889,Davis,Fuel usage,41603,,litres,,
Feb-00,-66.28180556,110.5276111,Casey,Fuel usage,45048,,litres,,
Feb-00,-54.61988889,158.861,Macquarie Island,Fuel usage,14485,,litres,,
Mar-00,-67.60269444,62.87380556,Mawson,Fuel usage,52185,,litres,,
Mar-00,-68.57661111,77.96738889,Davis,Fuel usage,50558,,litres,,
Mar-00,-66.28180556,110.5276111,Casey,Fuel usage,49391,,litres,,
Mar-00,-54.61988889,158.861,Macquarie Island,Fuel usage,18181,,litres,,
Apr-00,-67.60269444,62.87380556,Mawson,Fuel usage,52929,,litres,,
Apr-00,-68.57661111,77.96738889,Davis,Fuel usage,51010,,litres,,
Apr-00,-66.28180556,110.5276111,Casey,Fuel usage,51099,,litres,,
Apr-00,-54.61988889,158.861,Macquarie Island,Fuel usage,16901,,litres,,
May-00,-67.60269444,62.87380556,Mawson,Fuel usage,61298,,litres,,
May-00,-68.57661111,77.96738889,Davis,Fuel usage,55852,,litres,,
May-00,-66.28180556,110.5276111,Casey,Fuel usage,54707,,litres,,
May-00,-54.61988889,158.861,Macquarie Island,Fuel usage,18687,,litres,,
Jun-00,-67.60269444,62.87380556,Mawson,Fuel usage,55861,,litres,,
Jun-00,-68.57661111,77.96738889,Davis,Fuel usage,54771,,litres,,
Jun-00,-66.28180556,110.5276111,Casey,Fuel usage,53267,,litres,,
Jun-00,-54.61988889,158.861,Macquarie Island,Fuel usage,17836,,litres,,
Jul-00,-67.60269444,62.87380556,Mawson,Fuel usage,60676,,litres,,
Jul-00,-68.57661111,77.96738889,Davis,Fuel usage,56241,,litres,,
Jul-00,-66.28180556,110.5276111,Casey,Fuel usage,56521,,litres,,
Jul-00,-54.61988889,158.861,Macquarie Island,Fuel usage,18196,,litres,,
Aug-00,-67.60269444,62.87380556,Mawson,Fuel usage,57875,,litres,,
Aug-00,-68.57661111,77.96738889,Davis,Fuel usage,55953,,litres,,
Aug-00,-66.28180556,110.5276111,Casey,Fuel usage,54219,,litres,,
Aug-00,-54.61988889,158.861,Macquarie Island,Fuel usage,19000,,litres,,
Sep-00,-67.60269444,62.87380556,Mawson,Fuel usage,54752,,litres,,
Sep-00,-68.57661111,77.96738889,Davis,Fuel usage,52834,,litres,,
Sep-00,-66.28180556,110.5276111,Casey,Fuel usage,47712,,litres,,
Sep-00,-54.61988889,158.861,Macquarie Island,Fuel usage,16742,,litres,,
Oct-00,-67.60269444,62.87380556,Mawson,Fuel usage,55574,,litres,,
Oct-00,-68.57661111,77.96738889,Davis,Fuel usage,55165,,litres,,
Oct-00,-66.28180556,110.5276111,Casey,Fuel usage,50721,,litres,,
Oct-00,-54.61988889,158.861,Macquarie Island,Fuel usage,17038,,litres,,
Nov-00,-67.60269444,62.87380556,Mawson,Fuel usage,45786,,litres,,
Nov-00,-68.57661111,77.96738889,Davis,Fuel usage,44475,,litres,,
Nov-00,-66.28180556,110.5276111,Casey,Fuel usage,44470,,litres,,
Nov-00,-54.61988889,158.861,Macquarie Island,Fuel usage,16855,,litres,,
Dec-00,-67.60269444,62.87380556,Mawson,Fuel usage,39528,,litres,,
Dec-00,-68.57661111,77.96738889,Davis,Fuel usage,43226,,litres,,
Dec-00,-66.28180556,110.5276111,Casey,Fuel usage,43956,,litres,,
Dec-00,-54.61988889,158.861,Macquarie Island,Fuel usage,16534,,litres,,
Jan-01,-67.60269444,62.87380556,Mawson,Fuel usage,36831,,litres,,
Jan-01,-68.57661111,77.96738889,Davis,Fuel usage,43567,,litres,,
Jan-01,-66.28180556,110.5276111,Casey,Fuel usage,43911,,litres,,
Jan-01,-54.61988889,158.861,Macquarie Island,Fuel usage,16244,,litres,,
Feb-01,-67.60269444,62.87380556,Mawson,Fuel usage,39571,,litres,,
Feb-01,-68.57661111,77.96738889,Davis,Fuel usage,42737,,litres,,
Feb-01,-66.28180556,110.5276111,Casey,Fuel usage,41548,,litres,,
Feb-01,-54.61988889,158.861,Macquarie Island,Fuel usage,15259,,litres,,
Mar-01,-67.60269444,62.87380556,Mawson,Fuel usage,45127,,litres,,
Mar-01,-68.57661111,77.96738889,Davis,Fuel usage,49131,,litres,,
Mar-01,-66.28180556,110.5276111,Casey,Fuel usage,48104,,litres,,
Mar-01,-54.61988889,158.861,Macquarie Island,Fuel usage,16403,,litres,,
Apr-01,-67.60269444,62.87380556,Mawson,Fuel usage,52466,,litres,,
Apr-01,-68.57661111,77.96738889,Davis,Fuel usage,56161,,litres,,
Apr-01,-66.28180556,110.5276111,Casey,Fuel usage,49498,,litres,,
Apr-01,-54.61988889,158.861,Macquarie Island,Fuel usage,16343,,litres,,
May-01,-67.60269444,62.87380556,Mawson,Fuel usage,53685,,litres,,
May-01,-68.57661111,77.96738889,Davis,Fuel usage,58519,,litres,,
May-01,-66.28180556,110.5276111,Casey,Fuel usage,50215,,litres,,
May-01,-54.61988889,158.861,Macquarie Island,Fuel usage,17675,,litres,,
Jun-01,-67.60269444,62.87380556,Mawson,Fuel usage,53264,,litres,,
Jun-01,-68.57661111,77.96738889,Davis,Fuel usage,58213,,litres,,
Jun-01,-66.28180556,110.5276111,Casey,Fuel usage,50867,,litres,,
Jun-01,-54.61988889,158.861,Macquarie Island,Fuel usage,17826,,litres,,
Jul-01,-67.60269444,62.87380556,Mawson,Fuel usage,56715,,litres,,
Jul-01,-68.57661111,77.96738889,Davis,Fuel usage,55581,,litres,,
Jul-01,-66.28180556,110.5276111,Casey,Fuel usage,51560,,litres,,
Jul-01,-54.61988889,158.861,Macquarie Island,Fuel usage,19102,,litres,,
Aug-01,-67.60269444,62.87380556,Mawson,Fuel usage,59503,,litres,,
Aug-01,-68.57661111,77.96738889,Davis,Fuel usage,58376,,litres,,
Aug-01,-66.28180556,110.5276111,Casey,Fuel usage,52516,,litres,,
Aug-01,-54.61988889,158.861,Macquarie Island,Fuel usage,19672,,litres,,
Sep-01,-67.60269444,62.87380556,Mawson,Fuel usage,54855,,litres,,
Sep-01,-68.57661111,77.96738889,Davis,Fuel usage,49214,,litres,,
Sep-01,-66.28180556,110.5276111,Casey,Fuel usage,49496,,litres,,
Sep-01,-54.61988889,158.861,Macquarie Island,Fuel usage,16944,,litres,,
Oct-01,-67.60269444,62.87380556,Mawson,Fuel usage,50538,,litres,,
Oct-01,-68.57661111,77.96738889,Davis,Fuel usage,46430,,litres,,
Oct-01,-66.28180556,110.5276111,Casey,Fuel usage,50344,,litres,,
Oct-01,-54.61988889,158.861,Macquarie Island,Fuel usage,18799,,litres,,
Nov-01,-67.60269444,62.87380556,Mawson,Fuel usage,42353,,litres,,
Nov-01,-68.57661111,77.96738889,Davis,Fuel usage,41412,,litres,,
Nov-01,-66.28180556,110.5276111,Casey,Fuel usage,46611,,litres,,
Nov-01,-54.61988889,158.861,Macquarie Island,Fuel usage,18120,,litres,,
Dec-01,-67.60269444,62.87380556,Mawson,Fuel usage,40945,,litres,,
Dec-01,-68.57661111,77.96738889,Davis,Fuel usage,45885,,litres,,
Dec-01,-66.28180556,110.5276111,Casey,Fuel usage,46590,,litres,,
Dec-01,-54.61988889,158.861,Macquarie Island,Fuel usage,18724,,litres,,
Jan-02,-67.60269444,62.87380556,Mawson,Fuel usage,37370,,litres,,
Jan-02,-68.57661111,77.96738889,Davis,Fuel usage,43589,,litres,,
Jan-02,-66.28180556,110.5276111,Casey,Fuel usage,36995,,litres,,
Jan-02,-54.61988889,158.861,Macquarie Island,Fuel usage,16945,,litres,,
Feb-02,-67.60269444,62.87380556,Mawson,Fuel usage,37502,,litres,,
Feb-02,-68.57661111,77.96738889,Davis,Fuel usage,42613,,litres,,
Feb-02,-66.28180556,110.5276111,Casey,Fuel usage,34684,,litres,,
Feb-02,-54.61988889,158.861,Macquarie Island,Fuel usage,14032,,litres,,
Mar-02,-67.60269444,62.87380556,Mawson,Fuel usage,47340,,litres,,
Mar-02,-68.57661111,77.96738889,Davis,Fuel usage,44609,,litres,,
Mar-02,-66.28180556,110.5276111,Casey,Fuel usage,44817,,litres,,
Mar-02,-54.61988889,158.861,Macquarie Island,Fuel usage,16465,,litres,,
Apr-02,-67.60269444,62.87380556,Mawson,Fuel usage,50658,,litres,,
Apr-02,-68.57661111,77.96738889,Davis,Fuel usage,47112,,litres,,
Apr-02,-66.28180556,110.5276111,Casey,Fuel usage,48255,,litres,,
Apr-02,-54.61988889,158.861,Macquarie Island,Fuel usage,15919,,litres,,
May-02,-67.60269444,62.87380556,Mawson,Fuel usage,54016,,litres,,
May-02,-68.57661111,77.96738889,Davis,Fuel usage,47725,,litres,,
May-02,-66.28180556,110.5276111,Casey,Fuel usage,52538,,litres,,
May-02,-54.61988889,158.861,Macquarie Island,Fuel usage,17594,,litres,,
Jun-02,-67.60269444,62.87380556,Mawson,Fuel usage,56689,,litres,,
Jun-02,-68.57661111,77.96738889,Davis,Fuel usage,49091,,litres,,
Jun-02,-66.28180556,110.5276111,Casey,Fuel usage,44296,,litres,,
Jun-02,-54.61988889,158.861,Macquarie Island,Fuel usage,17391,,litres,,
Jul-02,-67.60269444,62.87380556,Mawson,Fuel usage,56077,,litres,,
Jul-02,-68.57661111,77.96738889,Davis,Fuel usage,51434,,litres,,
Jul-02,-66.28180556,110.5276111,Casey,Fuel usage,48053,,litres,,
Jul-02,-54.61988889,158.861,Macquarie Island,Fuel usage,17272,,litres,,
Aug-02,-67.60269444,62.87380556,Mawson,Fuel usage,55538,,litres,,
Aug-02,-68.57661111,77.96738889,Davis,Fuel usage,53892,,litres,,
Aug-02,-66.28180556,110.5276111,Casey,Fuel usage,49282,,litres,,
Aug-02,-54.61988889,158.861,Macquarie Island,Fuel usage,17708,,litres,,
Sep-02,-67.60269444,62.87380556,Mawson,Fuel usage,50089,,litres,,
Sep-02,-68.57661111,77.96738889,Davis,Fuel usage,50101,,litres,,
Sep-02,-66.28180556,110.5276111,Casey,Fuel usage,47137,,litres,,
Sep-02,-54.61988889,158.861,Macquarie Island,Fuel usage,17087,,litres,,
Oct-02,-67.60269444,62.87380556,Mawson,Fuel usage,52785,,litres,,
Oct-02,-68.57661111,77.96738889,Davis,Fuel usage,54437,,litres,,
Oct-02,-66.28180556,110.5276111,Casey,Fuel usage,46110,,litres,,
Oct-02,-54.61988889,158.861,Macquarie Island,Fuel usage,15523,,litres,,
Nov-02,-67.60269444,62.87380556,Mawson,Fuel usage,45700,,litres,,
Nov-02,-68.57661111,77.96738889,Davis,Fuel usage,47043,,litres,,
Nov-02,-66.28180556,110.5276111,Casey,Fuel usage,44427,,litres,,
Nov-02,-54.61988889,158.861,Macquarie Island,Fuel usage,14589,,litres,,
Dec-02,-67.60269444,62.87380556,Mawson,Fuel usage,40148,,litres,,
Dec-02,-68.57661111,77.96738889,Davis,Fuel usage,47023,,litres,,
Dec-02,-66.28180556,110.5276111,Casey,Fuel usage,39135,,litres,,
Dec-02,-54.61988889,158.861,Macquarie Island,Fuel usage,14883,,litres,,
Jan-03,-67.60269444,62.87380556,Mawson,Fuel usage,35652,,litres,,
Jan-03,-68.57661111,77.96738889,Davis,Fuel usage,47015,,litres,,
Jan-03,-66.28180556,110.5276111,Casey,Fuel usage,38506,,litres,,
Jan-03,-54.61988889,158.861,Macquarie Island,Fuel usage,14744,,litres,,
Feb-03,-67.60269444,62.87380556,Mawson,Fuel usage,29850,,litres,,
Feb-03,-68.57661111,77.96738889,Davis,Fuel usage,42885,,litres,,
Feb-03,-66.28180556,110.5276111,Casey,Fuel usage,31943,,litres,,
Feb-03,-54.61988889,158.861,Macquarie Island,Fuel usage,13913,,litres,,
Mar-03,-67.60269444,62.87380556,Mawson,Fuel usage,27240,,litres,,
Mar-03,-68.57661111,77.96738889,Davis,Fuel usage,48622,,litres,,
Mar-03,-66.28180556,110.5276111,Casey,Fuel usage,44153,,litres,,
Mar-03,-54.61988889,158.861,Macquarie Island,Fuel usage,13570,,litres,,
Apr-03,-67.60269444,62.87380556,Mawson,Fuel usage,35784,,litres,,
Apr-03,-68.57661111,77.96738889,Davis,Fuel usage,49019,,litres,,
Apr-03,-66.28180556,110.5276111,Casey,Fuel usage,37088,,litres,,
Apr-03,-54.61988889,158.861,Macquarie Island,Fuel usage,15530,,litres,,
May-03,-67.60269444,62.87380556,Mawson,Fuel usage,35848,,litres,,
May-03,-68.57661111,77.96738889,Davis,Fuel usage,56981,,litres,,
May-03,-66.28180556,110.5276111,Casey,Fuel usage,47107,,litres,,
May-03,-54.61988889,158.861,Macquarie Island,Fuel usage,14390,,litres,,
Jun-03,-67.60269444,62.87380556,Mawson,Fuel usage,37692,,litres,,
Jun-03,-68.57661111,77.96738889,Davis,Fuel usage,52308,,litres,,
Jun-03,-66.28180556,110.5276111,Casey,Fuel usage,42839,,litres,,
Jun-03,-54.61988889,158.861,Macquarie Island,Fuel usage,16677,,litres,,
Jul-03,-67.60269444,62.87380556,Mawson,Fuel usage,42260,,litres,,
Jul-03,-68.57661111,77.96738889,Davis,Fuel usage,58104,,litres,,
Jul-03,-66.28180556,110.5276111,Casey,Fuel usage,45299,,litres,,
Jul-03,-54.61988889,158.861,Macquarie Island,Fuel usage,14700,,litres,,
Aug-03,-67.60269444,62.87380556,Mawson,Fuel usage,45466,,litres,,
Aug-03,-68.57661111,77.96738889,Davis,Fuel usage,56185,,litres,,
Aug-03,-66.28180556,110.5276111,Casey,Fuel usage,41286,,litres,,
Aug-03,-54.61988889,158.861,Macquarie Island,Fuel usage,16328,,litres,,
Sep-03,-67.60269444,62.87380556,Mawson,Fuel usage,40183,,litres,,
Sep-03,-68.57661111,77.96738889,Davis,Fuel usage,48622,,litres,,
Sep-03,-66.28180556,110.5276111,Casey,Fuel usage,42960,,litres,,
Sep-03,-54.61988889,158.861,Macquarie Island,Fuel usage,15821,,litres,,
Oct-03,-67.60269444,62.87380556,Mawson,Fuel usage,30214,,litres,,
Oct-03,-68.57661111,77.96738889,Davis,Fuel usage,46959,,litres,,
Oct-03,-66.28180556,110.5276111,Casey,Fuel usage,44381,,litres,,
Oct-03,-54.61988889,158.861,Macquarie Island,Fuel usage,15667,,litres,,
Nov-03,-67.60269444,62.87380556,Mawson,Fuel usage,29937,,litres,,
Nov-03,-68.57661111,77.96738889,Davis,Fuel usage,44818,,litres,,
Nov-03,-66.28180556,110.5276111,Casey,Fuel usage,43762,,litres,,
Nov-03,-54.61988889,158.861,Macquarie Island,Fuel usage,15082,,litres,,
Dec-03,-67.60269444,62.87380556,Mawson,Fuel usage,28098,,litres,,
Dec-03,-68.57661111,77.96738889,Davis,Fuel usage,46592,,litres,,
Dec-03,-66.28180556,110.5276111,Casey,Fuel usage,43248,,litres,,
Dec-03,-54.61988889,158.861,Macquarie Island,Fuel usage,15869,,litres,,
Jan-04,-67.60269444,62.87380556,Mawson,Fuel usage,26813,,litres,,
Jan-04,-68.57661111,77.96738889,Davis,Fuel usage,49000,,litres,,
Jan-04,-66.28180556,110.5276111,Casey,Fuel usage,41642,,litres,,
Jan-04,-54.61988889,158.861,Macquarie Island,Fuel usage,14314,,litres,,
Feb-04,-67.60269444,62.87380556,Mawson,Fuel usage,30456,,litres,,
Feb-04,-68.57661111,77.96738889,Davis,Fuel usage,42550,,litres,,
Feb-04,-66.28180556,110.5276111,Casey,Fuel usage,42048,,litres,,
Feb-04,-54.61988889,158.861,Macquarie Island,Fuel usage,11861,,litres,,
Mar-04,-67.60269444,62.87380556,Mawson,Fuel usage,34493,,litres,,
Mar-04,-68.57661111,77.96738889,Davis,Fuel usage,51641,,litres,,
Mar-04,-66.28180556,110.5276111,Casey,Fuel usage,39098,,litres,,
Mar-04,-54.61988889,158.861,Macquarie Island,Fuel usage,15316,,litres,,
Apr-04,-67.60269444,62.87380556,Mawson,Fuel usage,39088,,litres,,
Apr-04,-68.57661111,77.96738889,Davis,Fuel usage,50835,,litres,,
Apr-04,-66.28180556,110.5276111,Casey,Fuel usage,42167,,litres,,
Apr-04,-54.61988889,158.861,Macquarie Island,Fuel usage,16288,,litres,,
May-04,-67.60269444,62.87380556,Mawson,Fuel usage,36841,,litres,,
May-04,-68.57661111,77.96738889,Davis,Fuel usage,49806,,litres,,
May-04,-66.28180556,110.5276111,Casey,Fuel usage,47574,,litres,,
May-04,-54.61988889,158.861,Macquarie Island,Fuel usage,17126,,litres,,
Jun-04,-67.60269444,62.87380556,Mawson,Fuel usage,48628,,litres,,
Jun-04,-68.57661111,77.96738889,Davis,Fuel usage,52924,,litres,,
Jun-04,-66.28180556,110.5276111,Casey,Fuel usage,46767,,litres,,
Jun-04,-54.61988889,158.861,Macquarie Island,Fuel usage,16863,,litres,,
Jul-04,-67.60269444,62.87380556,Mawson,Fuel usage,45693,,litres,,
Jul-04,-68.57661111,77.96738889,Davis,Fuel usage,56290,,litres,,
Jul-04,-66.28180556,110.5276111,Casey,Fuel usage,53436,,litres,,
Jul-04,-54.61988889,158.861,Macquarie Island,Fuel usage,17800,,litres,,
Aug-04,-67.60269444,62.87380556,Mawson,Fuel usage,34251,,litres,,
Aug-04,-68.57661111,77.96738889,Davis,Fuel usage,51725,,litres,,
Aug-04,-66.28180556,110.5276111,Casey,Fuel usage,48797,,litres,,
Sep-04,-67.60269444,62.87380556,Mawson,Fuel usage,34683,,litres,,
Sep-04,-68.57661111,77.96738889,Davis,Fuel usage,51364,,litres,,
Sep-04,-66.28180556,110.5276111,Casey,Fuel usage,46556,,litres,,
Oct-04,-67.60269444,62.87380556,Mawson,Fuel usage,32596,,litres,,
Oct-04,-68.57661111,77.96738889,Davis,Fuel usage,49304,,litres,,
Oct-04,-66.28180556,110.5276111,Casey,Fuel usage,44084,,litres,,
Oct-04,-54.61988889,158.861,Macquarie Island,Fuel usage,16868,,litres,,
Nov-04,-67.60269444,62.87380556,Mawson,Fuel usage,28652,,litres,,
Nov-04,-68.57661111,77.96738889,Davis,Fuel usage,44422,,litres,,
Nov-04,-66.28180556,110.5276111,Casey,Fuel usage,43086,,litres,,
Nov-04,-54.61988889,158.861,Macquarie Island,Fuel usage,14727,,litres,,
Dec-04,-67.60269444,62.87380556,Mawson,Fuel usage,25344,,litres,,
Dec-04,-68.57661111,77.96738889,Davis,Fuel usage,43484,,litres,,
Dec-04,-66.28180556,110.5276111,Casey,Fuel usage,36530,,litres,,
Dec-04,-54.61988889,158.861,Macquarie Island,Fuel usage,14699,,litres,,
Jan-05,-67.60269444,62.87380556,Mawson,Fuel usage,30882,,litres,,
Jan-05,-68.57661111,77.96738889,Davis,Fuel usage,38636,,litres,,
Jan-05,-66.28180556,110.5276111,Casey,Fuel usage,37615,,litres,,
Jan-05,-54.61988889,158.861,Macquarie Island,Fuel usage,14148,,litres,,
Feb-05,-67.60269444,62.87380556,Mawson,Fuel usage,28616,,litres,,
Feb-05,-68.57661111,77.96738889,Davis,Fuel usage,45692,,litres,,
Feb-05,-66.28180556,110.5276111,Casey,Fuel usage,32726,,litres,,
Feb-05,-54.61988889,158.861,Macquarie Island,Fuel usage,11533,,litres,,
Mar-05,-67.60269444,62.87380556,Mawson,Fuel usage,30238,,litres,,
Mar-05,-68.57661111,77.96738889,Davis,Fuel usage,53465,,litres,,
Mar-05,-66.28180556,110.5276111,Casey,Fuel usage,42088,,litres,,
Mar-05,-54.61988889,158.861,Macquarie Island,Fuel usage,14953,,litres,,
Apr-05,-67.60269444,62.87380556,Mawson,Fuel usage,38349,,litres,,
Apr-05,-68.57661111,77.96738889,Davis,Fuel usage,57044,,litres,,
Apr-05,-66.28180556,110.5276111,Casey,Fuel usage,41673,,litres,,
Apr-05,-54.61988889,158.861,Macquarie Island,Fuel usage,16680,,litres,,
May-05,-67.60269444,62.87380556,Mawson,Fuel usage,51229,,litres,,
May-05,-68.57661111,77.96738889,Davis,Fuel usage,50525,,litres,,
May-05,-66.28180556,110.5276111,Casey,Fuel usage,46955,,litres,,
May-05,-54.61988889,158.861,Macquarie Island,Fuel usage,17501,,litres,,
Jun-05,-67.60269444,62.87380556,Mawson,Fuel usage,33661,,litres,,
Jun-05,-68.57661111,77.96738889,Davis,Fuel usage,48361,,litres,,
Jun-05,-66.28180556,110.5276111,Casey,Fuel usage,44305,,litres,,
Jun-05,-54.61988889,158.861,Macquarie Island,Fuel usage,16037,,litres,,
Jul-05,-67.60269444,62.87380556,Mawson,Fuel usage,50726,,litres,,
Jul-05,-68.57661111,77.96738889,Davis,Fuel usage,54495,,litres,,
Jul-05,-66.28180556,110.5276111,Casey,Fuel usage,49852,,litres,,
Jul-05,-54.61988889,158.861,Macquarie Island,Fuel usage,16197,,litres,,
Aug-05,-67.60269444,62.87380556,Mawson,Fuel usage,44143,,litres,,
Aug-05,-68.57661111,77.96738889,Davis,Fuel usage,61123,,litres,,
Aug-05,-66.28180556,110.5276111,Casey,Fuel usage,47918,,litres,,
Aug-05,-54.61988889,158.861,Macquarie Island,Fuel usage,15778,,litres,,
Sep-05,-67.60269444,62.87380556,Mawson,Fuel usage,38300,,litres,,
Sep-05,-68.57661111,77.96738889,Davis,Fuel usage,57610,,litres,,
Sep-05,-66.28180556,110.5276111,Casey,Fuel usage,43386,,litres,,
Sep-05,-54.61988889,158.861,Macquarie Island,Fuel usage,15750,,litres,,
Oct-05,-67.60269444,62.87380556,Mawson,Fuel usage,35050,,litres,,
Oct-05,-68.57661111,77.96738889,Davis,Fuel usage,54171,,litres,,
Oct-05,-66.28180556,110.5276111,Casey,Fuel usage,42404,,litres,,
Oct-05,-54.61988889,158.861,Macquarie Island,Fuel usage,14415,,litres,,
Nov-05,-67.60269444,62.87380556,Mawson,Fuel usage,24680,,litres,,
Nov-05,-68.57661111,77.96738889,Davis,Fuel usage,49759,,litres,,
Nov-05,-66.28180556,110.5276111,Casey,Fuel usage,39653,,litres,,
Nov-05,-54.61988889,158.861,Macquarie Island,Fuel usage,12849,,litres,,
Dec-05,-67.60269444,62.87380556,Mawson,Fuel usage,28472,,litres,,
Dec-05,-68.57661111,77.96738889,Davis,Fuel usage,43324,,litres,,
Dec-05,-66.28180556,110.5276111,Casey,Fuel usage,36159,,litres,,
Dec-05,-54.61988889,158.861,Macquarie Island,Fuel usage,12122,,litres,,
Jan-06,-67.60269444,62.87380556,Mawson,Fuel usage,34356,,litres,,
Jan-06,-68.57661111,77.96738889,Davis,Fuel usage,43143,,litres,,
Jan-06,-66.28180556,110.5276111,Casey,Fuel usage,37655,,litres,,
Jan-06,-54.61988889,158.861,Macquarie Island,Fuel usage,12867,,litres,,
Feb-06,-67.60269444,62.87380556,Mawson,Fuel usage,24641,,litres,,
Feb-06,-68.57661111,77.96738889,Davis,Fuel usage,46741,,litres,,
Feb-06,-66.28180556,110.5276111,Casey,Fuel usage,41992,,litres,,
Feb-06,-54.61988889,158.861,Macquarie Island,Fuel usage,12696,,litres,,
Mar-06,-67.60269444,62.87380556,Mawson,Fuel usage,30904,,litres,,
Mar-06,-68.57661111,77.96738889,Davis,Fuel usage,50535,,litres,,
Mar-06,-66.28180556,110.5276111,Casey,Fuel usage,44101,,litres,,
Mar-06,-54.61988889,158.861,Macquarie Island,Fuel usage,14644,,litres,,
Apr-06,-67.60269444,62.87380556,Mawson,Fuel usage,21235,,litres,,
Apr-06,-68.57661111,77.96738889,Davis,Fuel usage,45702,,litres,,
Apr-06,-54.61988889,158.861,Macquarie Island,Fuel usage,12797,,litres,,
May-06,-67.60269444,62.87380556,Mawson,Fuel usage,45658,,litres,,
May-06,-68.57661111,77.96738889,Davis,Fuel usage,60030,,litres,,
May-06,-66.28180556,110.5276111,Casey,Fuel usage,51270,,litres,,
May-06,-54.61988889,158.861,Macquarie Island,Fuel usage,15341,,litres,,
Jun-06,-67.60269444,62.87380556,Mawson,Fuel usage,31052,,litres,,
Jun-06,-68.57661111,77.96738889,Davis,Fuel usage,54939,,litres,,
Jun-06,-66.28180556,110.5276111,Casey,Fuel usage,47652,,litres,,
Jun-06,-54.61988889,158.861,Macquarie Island,Fuel usage,16919,,litres,,
Jul-06,-67.60269444,62.87380556,Mawson,Fuel usage,43473,,litres,,
Jul-06,-68.57661111,77.96738889,Davis,Fuel usage,59077,,litres,,
Jul-06,-66.28180556,110.5276111,Casey,Fuel usage,46935,,litres,,
Jul-06,-54.61988889,158.861,Macquarie Island,Fuel usage,17414,,litres,,
Aug-06,-67.60269444,62.87380556,Mawson,Fuel usage,40448,,litres,,
Aug-06,-68.57661111,77.96738889,Davis,Fuel usage,53560,,litres,,
Aug-06,-66.28180556,110.5276111,Casey,Fuel usage,47869,,litres,,
Aug-06,-54.61988889,158.861,Macquarie Island,Fuel usage,16444,,litres,,
Sep-06,-67.60269444,62.87380556,Mawson,Fuel usage,36661,,litres,,
Sep-06,-68.57661111,77.96738889,Davis,Fuel usage,51468,,litres,,
Sep-06,-66.28180556,110.5276111,Casey,Fuel usage,47651,,litres,,
Sep-06,-54.61988889,158.861,Macquarie Island,Fuel usage,15920,,litres,,
Oct-06,-67.60269444,62.87380556,Mawson,Fuel usage,30967,,litres,,
Oct-06,-68.57661111,77.96738889,Davis,Fuel usage,49427,,litres,,
Oct-06,-66.28180556,110.5276111,Casey,Fuel usage,47724,,litres,,
Oct-06,-54.61988889,158.861,Macquarie Island,Fuel usage,16483,,litres,,
Nov-06,-67.60269444,62.87380556,Mawson,Fuel usage,23496,,litres,,
Nov-06,-68.57661111,77.96738889,Davis,Fuel usage,43130,,litres,,
Nov-06,-66.28180556,110.5276111,Casey,Fuel usage,42297,,litres,,
Nov-06,-54.61988889,158.861,Macquarie Island,Fuel usage,15625,,litres,,
Dec-06,-67.60269444,62.87380556,Mawson,Fuel usage,24284,,litres,,
Dec-06,-68.57661111,77.96738889,Davis,Fuel usage,47248,,litres,,
Dec-06,-66.28180556,110.5276111,Casey,Fuel usage,36801,,litres,,
Dec-06,-54.61988889,158.861,Macquarie Island,Fuel usage,15480,,litres,,
Jan-07,-67.60269444,62.87380556,Mawson,Fuel usage,32332,,litres,,
Jan-07,-68.57661111,77.96738889,Davis,Fuel usage,40785,,litres,,
Jan-07,-66.28180556,110.5276111,Casey,Fuel usage,35093,,litres,,
Jan-07,-54.61988889,158.861,Macquarie Island,Fuel usage,13783,,litres,,
Feb-07,-67.60269444,62.87380556,Mawson,Fuel usage,24330,,litres,,
Feb-07,-68.57661111,77.96738889,Davis,Fuel usage,48070,,litres,,
Feb-07,-66.28180556,110.5276111,Casey,Fuel usage,37350,,litres,,
Feb-07,-54.61988889,158.861,Macquarie Island,Fuel usage,13743,,litres,,
Mar-07,-67.60269444,62.87380556,Mawson,Fuel usage,29201,,litres,,
Mar-07,-68.57661111,77.96738889,Davis,Fuel usage,51081,,litres,,
Mar-07,-66.28180556,110.5276111,Casey,Fuel usage,44144,,litres,,
Mar-07,-54.61988889,158.861,Macquarie Island,Fuel usage,14274,,litres,,
Apr-07,-67.60269444,62.87380556,Mawson,Fuel usage,35533,,litres,,
Apr-07,-68.57661111,77.96738889,Davis,Fuel usage,45342,,litres,,
Apr-07,-66.28180556,110.5276111,Casey,Fuel usage,42711,,litres,,
Apr-07,-54.61988889,158.861,Macquarie Island,Fuel usage,15004,,litres,,
May-07,-67.60269444,62.87380556,Mawson,Fuel usage,29720,,litres,,
May-07,-68.57661111,77.96738889,Davis,Fuel usage,48596,,litres,,
May-07,-66.28180556,110.5276111,Casey,Fuel usage,47745,,litres,,
May-07,-54.61988889,158.861,Macquarie Island,Fuel usage,13577,,litres,,
Jun-07,-67.60269444,62.87380556,Mawson,Fuel usage,30077,,litres,,
Jun-07,-68.57661111,77.96738889,Davis,Fuel usage,50490,,litres,,
Jun-07,-66.28180556,110.5276111,Casey,Fuel usage,47793,,litres,,
Jun-07,-54.61988889,158.861,Macquarie Island,Fuel usage,14067,,litres,,
Jul-07,-67.60269444,62.87380556,Mawson,Fuel usage,29449,,litres,,
Jul-07,-68.57661111,77.96738889,Davis,Fuel usage,49276,,litres,,
Jul-07,-66.28180556,110.5276111,Casey,Fuel usage,48180,,litres,,
Jul-07,-54.61988889,158.861,Macquarie Island,Fuel usage,13948,,litres,,
Aug-07,-67.60269444,62.87380556,Mawson,Fuel usage,36777,,litres,,
Aug-07,-68.57661111,77.96738889,Davis,Fuel usage,51841,,litres,,
Aug-07,-66.28180556,110.5276111,Casey,Fuel usage,51140,,litres,,
Aug-07,-54.61988889,158.861,Macquarie Island,Fuel usage,13238,,litres,,
Sep-07,-67.60269444,62.87380556,Mawson,Fuel usage,35755,,litres,,
Sep-07,-68.57661111,77.96738889,Davis,Fuel usage,51018,,litres,,
Sep-07,-66.28180556,110.5276111,Casey,Fuel usage,49413,,litres,,
Sep-07,-54.61988889,158.861,Macquarie Island,Fuel usage,12588,,litres,,
Oct-07,-67.60269444,62.87380556,Mawson,Fuel usage,31896,,litres,,
Oct-07,-68.57661111,77.96738889,Davis,Fuel usage,48901,,litres,,
Oct-07,-66.28180556,110.5276111,Casey,Fuel usage,46656,,litres,,
Oct-07,-54.61988889,158.861,Macquarie Island,Fuel usage,12772,,litres,,
Nov-07,-67.60269444,62.87380556,Mawson,Fuel usage,25224,,litres,,
Nov-07,-68.57661111,77.96738889,Davis,Fuel usage,39619,,litres,,
Nov-07,-66.28180556,110.5276111,Casey,Fuel usage,39421,,litres,,
Nov-07,-54.61988889,158.861,Macquarie Island,Fuel usage,11921,,litres,,
Dec-07,-67.60269444,62.87380556,Mawson,Fuel usage,37601,,litres,,
Dec-07,-68.57661111,77.96738889,Davis,Fuel usage,43605,,litres,,
Dec-07,-66.28180556,110.5276111,Casey,Fuel usage,38331,,litres,,
Dec-07,-54.61988889,158.861,Macquarie Island,Fuel usage,12003,,litres,,
Jan-08,-67.60269444,62.87380556,Mawson,Fuel usage,27326,,litres,,
Jan-08,-68.57661111,77.96738889,Davis,Fuel usage,38636,,litres,,
Jan-08,-66.28180556,110.5276111,Casey,Fuel usage,37086,,litres,,
Jan-08,-54.61988889,158.861,Macquarie Island,Fuel usage,12897,,litres,,
Feb-08,-67.60269444,62.87380556,Mawson,Fuel usage,21574,,litres,,
Feb-08,-68.57661111,77.96738889,Davis,Fuel usage,45692,,litres,,
Feb-08,-66.28180556,110.5276111,Casey,Fuel usage,37429,,litres,,
Feb-08,-54.61988889,158.861,Macquarie Island,Fuel usage,11523,,litres,,
Mar-08,-67.60269444,62.87380556,Mawson,Fuel usage,26214,,litres,,
Mar-08,-68.57661111,77.96738889,Davis,Fuel usage,53465,,litres,,
Mar-08,-66.28180556,110.5276111,Casey,Fuel usage,44317,,litres,,
Mar-08,-54.61988889,158.861,Macquarie Island,Fuel usage,13650,,litres,,
Apr-08,-67.60269444,62.87380556,Mawson,Fuel usage,32745,,litres,,
Apr-08,-68.57661111,77.96738889,Davis,Fuel usage,57044,,litres,,
Apr-08,-66.28180556,110.5276111,Casey,Fuel usage,44344,,litres,,
Apr-08,-54.61988889,158.861,Macquarie Island,Fuel usage,12852,,litres,,
May-08,-67.60269444,62.87380556,Mawson,Fuel usage,25445,,litres,,
May-08,-68.57661111,77.96738889,Davis,Fuel usage,59398,,litres,,
May-08,-66.28180556,110.5276111,Casey,Fuel usage,46601,,litres,,
Jun-08,-67.60269444,62.87380556,Mawson,Fuel usage,32107,,litres,,
Jun-08,-68.57661111,77.96738889,Davis,Fuel usage,54435,,litres,,
Jun-08,-66.28180556,110.5276111,Casey,Fuel usage,48225,,litres,,
Jun-08,-54.61988889,158.861,Macquarie Island,Fuel usage,15338,,litres,,
Jul-08,-67.60269444,62.87380556,Mawson,Fuel usage,39812,,litres,,
Jul-08,-68.57661111,77.96738889,Davis,Fuel usage,57661,,litres,,
Jul-08,-66.28180556,110.5276111,Casey,Fuel usage,45824,,litres,,
Jul-08,-54.61988889,158.861,Macquarie Island,Fuel usage,14526,,litres,,
Aug-08,-67.60269444,62.87380556,Mawson,Fuel usage,38285,,litres,,
Aug-08,-68.57661111,77.96738889,Davis,Fuel usage,64397,,litres,,
Aug-08,-66.28180556,110.5276111,Casey,Fuel usage,49043,,litres,,
Aug-08,-54.61988889,158.861,Macquarie Island,Fuel usage,15330,,litres,,
Sep-08,-67.60269444,62.87380556,Mawson,Fuel usage,36741,,litres,,
Sep-08,-68.57661111,77.96738889,Davis,Fuel usage,58780,,litres,,
Sep-08,-66.28180556,110.5276111,Casey,Fuel usage,47145,,litres,,
Sep-08,-54.61988889,158.861,Macquarie Island,Fuel usage,14771,,litres,,
Oct-08,-67.60269444,62.87380556,Mawson,Fuel usage,31446,,litres,,
Oct-08,-68.57661111,77.96738889,Davis,Fuel usage,51666,,litres,,
Oct-08,-66.28180556,110.5276111,Casey,Fuel usage,47220,,litres,,
Oct-08,-54.61988889,158.861,Macquarie Island,Fuel usage,15043,,litres,,
Nov-08,-67.60269444,62.87380556,Mawson,Fuel usage,25243,,litres,,
Nov-08,-68.57661111,77.96738889,Davis,Fuel usage,43329,,litres,,
Nov-08,-66.28180556,110.5276111,Casey,Fuel usage,38475,,litres,,
Nov-08,-54.61988889,158.861,Macquarie Island,Fuel usage,15141,,litres,,
Dec-08,-67.60269444,62.87380556,Mawson,Fuel usage,33015,,litres,,
Dec-08,-68.57661111,77.96738889,Davis,Fuel usage,40125,,litres,,
Dec-08,-66.28180556,110.5276111,Casey,Fuel usage,40843,,litres,,
Dec-08,-54.61988889,158.861,Macquarie Island,Fuel usage,14095,,litres,,
Jan-09,-67.60269444,62.87380556,Mawson,Fuel usage,29292,,litres,,
Jan-09,-68.57661111,77.96738889,Davis,Fuel usage,42453,,litres,,
Jan-09,-66.28180556,110.5276111,Casey,Fuel usage,42649,,litres,,
Jan-09,-54.61988889,158.861,Macquarie Island,Fuel usage,14663,,litres,,
Feb-09,-67.60269444,62.87380556,Mawson,Fuel usage,22152,,litres,,
Feb-09,-68.57661111,77.96738889,Davis,Fuel usage,46503,,litres,,
Feb-09,-66.28180556,110.5276111,Casey,Fuel usage,36219,,litres,,
Feb-09,-54.61988889,158.861,Macquarie Island,Fuel usage,14304,,litres,,
Mar-09,-67.60269444,62.87380556,Mawson,Fuel usage,20817,,litres,,
Mar-09,-68.57661111,77.96738889,Davis,Fuel usage,47638,,litres,,
Mar-09,-66.28180556,110.5276111,Casey,Fuel usage,40266,,litres,,
Mar-09,-54.61988889,158.861,Macquarie Island,Fuel usage,15493,,litres,,
Apr-09,-67.60269444,62.87380556,Mawson,Fuel usage,28998,,litres,,
Apr-09,-68.57661111,77.96738889,Davis,Fuel usage,49946,,litres,,
Apr-09,-66.28180556,110.5276111,Casey,Fuel usage,45644,,litres,,
Apr-09,-54.61988889,158.861,Macquarie Island,Fuel usage,13439,,litres,,
May-09,-67.60269444,62.87380556,Mawson,Fuel usage,33356,,litres,,
May-09,-68.57661111,77.96738889,Davis,Fuel usage,53683,,litres,,
May-09,-66.28180556,110.5276111,Casey,Fuel usage,46370,,litres,,
May-09,-54.61988889,158.861,Macquarie Island,Fuel usage,14109,,litres,,
Jun-09,-67.60269444,62.87380556,Mawson,Fuel usage,34514,,litres,,
Jun-09,-68.57661111,77.96738889,Davis,Fuel usage,52028,,litres,,
Jun-09,-66.28180556,110.5276111,Casey,Fuel usage,46442,,litres,,
Jun-09,-54.61988889,158.861,Macquarie Island,Fuel usage,15079,,litres,,
Jul-09,-67.60269444,62.87380556,Mawson,Fuel usage,32417,,litres,,
Jul-09,-68.57661111,77.96738889,Davis,Fuel usage,54749,,litres,,
Jul-09,-66.28180556,110.5276111,Casey,Fuel usage,46183,,litres,,
Jul-09,-54.61988889,158.861,Macquarie Island,Fuel usage,14839,,litres,,
Aug-09,-67.60269444,62.87380556,Mawson,Fuel usage,37963,,litres,,
Aug-09,-68.57661111,77.96738889,Davis,Fuel usage,59598,,litres,,
Aug-09,-66.28180556,110.5276111,Casey,Fuel usage,48409,,litres,,
Aug-09,-54.61988889,158.861,Macquarie Island,Fuel usage,14234,,litres,,
Sep-09,-67.60269444,62.87380556,Mawson,Fuel usage,30912,,litres,,
Sep-09,-68.57661111,77.96738889,Davis,Fuel usage,50241,,litres,,
Sep-09,-66.28180556,110.5276111,Casey,Fuel usage,43584,,litres,,
Sep-09,-54.61988889,158.861,Macquarie Island,Fuel usage,13464,,litres,,
Oct-09,-67.60269444,62.87380556,Mawson,Fuel usage,29516,,litres,,
Oct-09,-68.57661111,77.96738889,Davis,Fuel usage,50129,,litres,,
Oct-09,-66.28180556,110.5276111,Casey,Fuel usage,42839,,litres,,
Oct-09,-54.61988889,158.861,Macquarie Island,Fuel usage,15096,,litres,,
Nov-09,-67.60269444,62.87380556,Mawson,Fuel usage,24547,,litres,,
Nov-09,-68.57661111,77.96738889,Davis,Fuel usage,41772,,litres,,
Nov-09,-66.28180556,110.5276111,Casey,Fuel usage,40038,,litres,,
Nov-09,-54.61988889,158.861,Macquarie Island,Fuel usage,14459,,litres,,
Dec-09,-67.60269444,62.87380556,Mawson,Fuel usage,56042,,litres,,
Dec-09,-68.57661111,77.96738889,Davis,Fuel usage,42400,,litres,,
Dec-09,-66.28180556,110.5276111,Casey,Fuel usage,37847,,litres,,
Dec-09,-54.61988889,158.861,Macquarie Island,Fuel usage,13727,,litres,,
Jan-10,-67.60269444,62.87380556,Mawson,Fuel usage,28132,,litres,,
Jan-10,-68.57661111,77.96738889,Davis,Fuel usage,49271,,litres,,
Jan-10,-66.28180556,110.5276111,Casey,Fuel usage,39469,,litres,,
Jan-10,-54.61988889,158.861,Macquarie Island,Fuel usage,13419,,litres,,
Feb-10,-67.60269444,62.87380556,Mawson,Fuel usage,21105,,litres,,
Feb-10,-68.57661111,77.96738889,Davis,Fuel usage,43648,,litres,,
Feb-10,-66.28180556,110.5276111,Casey,Fuel usage,43921,,litres,,
Feb-10,-54.61988889,158.861,Macquarie Island,Fuel usage,11949,,litres,,
Mar-10,-67.60269444,62.87380556,Mawson,Fuel usage,20834,,litres,,
Mar-10,-68.57661111,77.96738889,Davis,Fuel usage,52651,,litres,,
Mar-10,-66.28180556,110.5276111,Casey,Fuel usage,42075,,litres,,
Mar-10,-54.61988889,158.861,Macquarie Island,Fuel usage,13918,,litres,,
Apr-10,-67.60269444,62.87380556,Mawson,Fuel usage,27516,,litres,,
Apr-10,-68.57661111,77.96738889,Davis,Fuel usage,57853,,litres,,
Apr-10,-66.28180556,110.5276111,Casey,Fuel usage,45962,,litres,,
Apr-10,-54.61988889,158.861,Macquarie Island,Fuel usage,14088,,litres,,
May-10,-67.60269444,62.87380556,Mawson,Fuel usage,26591,,litres,,
May-10,-68.57661111,77.96738889,Davis,Fuel usage,58854,,litres,,
May-10,-66.28180556,110.5276111,Casey,Fuel usage,50355,,litres,,
May-10,-54.61988889,158.861,Macquarie Island,Fuel usage,14072,,litres,,
Jun-10,-67.60269444,62.87380556,Mawson,Fuel usage,30479,,litres,,
Jun-10,-68.57661111,77.96738889,Davis,Fuel usage,64238,,litres,,
Jun-10,-66.28180556,110.5276111,Casey,Fuel usage,51142,,litres,,
Jun-10,-54.61988889,158.861,Macquarie Island,Fuel usage,14926,,litres,,
Jul-10,-67.60269444,62.87380556,Mawson,Fuel usage,36020,,litres,,
Jul-10,-68.57661111,77.96738889,Davis,Fuel usage,65191,,litres,,
Jul-10,-66.28180556,110.5276111,Casey,Fuel usage,54869,,litres,,
Jul-10,-54.61988889,158.861,Macquarie Island,Fuel usage,16737,,litres,,
Aug-10,-67.60269444,62.87380556,Mawson,Fuel usage,35144,,litres,,
Aug-10,-68.57661111,77.96738889,Davis,Fuel usage,64386,,litres,,
Aug-10,-66.28180556,110.5276111,Casey,Fuel usage,56982,,litres,,
Aug-10,-54.61988889,158.861,Macquarie Island,Fuel usage,15830,,litres,,
Sep-10,-67.60269444,62.87380556,Mawson,Fuel usage,32352,,litres,,
Sep-10,-68.57661111,77.96738889,Davis,Fuel usage,53823,,litres,,
Sep-10,-66.28180556,110.5276111,Casey,Fuel usage,56095,,litres,,
Sep-10,-54.61988889,158.861,Macquarie Island,Fuel usage,15094,,litres,,
Oct-10,-67.60269444,62.87380556,Mawson,Fuel usage,30210,,litres,,
Oct-10,-68.57661111,77.96738889,Davis,Fuel usage,56912,,litres,,
Oct-10,-66.28180556,110.5276111,Casey,Fuel usage,55545,,litres,,
Oct-10,-54.61988889,158.861,Macquarie Island,Fuel usage,15226,,litres,,
Nov-10,-67.60269444,62.87380556,Mawson,Fuel usage,31100,,litres,,
Nov-10,-68.57661111,77.96738889,Davis,Fuel usage,55000,,litres,,
Nov-10,-66.28180556,110.5276111,Casey,Fuel usage,46333,,litres,,
Nov-10,-54.61988889,158.861,Macquarie Island,Fuel usage,15183,,litres,,
Dec-10,-67.60269444,62.87380556,Mawson,Fuel usage,22550,,litres,,
Dec-10,-68.57661111,77.96738889,Davis,Fuel usage,46270,,litres,,
Dec-10,-66.28180556,110.5276111,Casey,Fuel usage,42649,,litres,,
Dec-10,-54.61988889,158.861,Macquarie Island,Fuel usage,15459,,litres,,
Jan-11,-67.60269444,62.87380556,Mawson,Fuel usage,22539,,litres,,
Jan-11,-68.57661111,77.96738889,Davis,Fuel usage,60670,,litres,,
Jan-11,-66.28180556,110.5276111,Casey,Fuel usage,40463,,litres,,
Jan-11,-54.61988889,158.861,Macquarie Island,Fuel usage,15197,,litres,,
Feb-11,-67.60269444,62.87380556,Mawson,Fuel usage,22294,,litres,,
Feb-11,-68.57661111,77.96738889,Davis,Fuel usage,57348,,litres,,
Feb-11,-66.28180556,110.5276111,Casey,Fuel usage,38424,,litres,,
Feb-11,-54.61988889,158.861,Macquarie Island,Fuel usage,14118,,litres,,
Mar-11,-67.60269444,62.87380556,Mawson,Fuel usage,24345,,litres,,
Mar-11,-68.57661111,77.96738889,Davis,Fuel usage,62658,,litres,,
Mar-11,-66.28180556,110.5276111,Casey,Fuel usage,46016,,litres,,
Mar-11,-54.61988889,158.861,Macquarie Island,Fuel usage,16639,,litres,,
Apr-11,-67.60269444,62.87380556,Mawson,Fuel usage,36200,,litres,,
Apr-11,-68.57661111,77.96738889,Davis,Fuel usage,65424,,litres,,
Apr-11,-66.28180556,110.5276111,Casey,Fuel usage,44259,,litres,,
Apr-11,-54.61988889,158.861,Macquarie Island,Fuel usage,17648,,litres,,
May-11,-67.60269444,62.87380556,Mawson,Fuel usage,39400,,litres,,
May-11,-68.57661111,77.96738889,Davis,Fuel usage,66575,,litres,,
May-11,-66.28180556,110.5276111,Casey,Fuel usage,51428,,litres,,
May-11,-54.61988889,158.861,Macquarie Island,Fuel usage,17064,,litres,,
Jun-11,-67.60269444,62.87380556,Mawson,Fuel usage,32236,,litres,,
Jun-11,-68.57661111,77.96738889,Davis,Fuel usage,71548,,litres,,
Jun-11,-66.28180556,110.5276111,Casey,Fuel usage,52261,,litres,,
Jun-11,-54.61988889,158.861,Macquarie Island,Fuel usage,17306,,litres,,
Jul-11,-67.60269444,62.87380556,Mawson,Fuel usage,38027,,litres,,
Jul-11,-68.57661111,77.96738889,Davis,Fuel usage,62344,,litres,,
Jul-11,-66.28180556,110.5276111,Casey,Fuel usage,54146,,litres,,
Jul-11,-54.61988889,158.861,Macquarie Island,Fuel usage,17331,,litres,,
Aug-11,-67.60269444,62.87380556,Mawson,Fuel usage,27433,,litres,,
Aug-11,-68.57661111,77.96738889,Davis,Fuel usage,64447,,litres,,
Aug-11,-66.28180556,110.5276111,Casey,Fuel usage,12362,,litres,,
Aug-11,-54.61988889,158.861,Macquarie Island,Fuel usage,18956,,litres,,
Sep-11,-67.60269444,62.87380556,Mawson,Fuel usage,34588,,litres,,
Sep-11,-68.57661111,77.96738889,Davis,Fuel usage,63582,,litres,,
Sep-11,-66.28180556,110.5276111,Casey,Fuel usage,49625,,litres,,
Sep-11,-54.61988889,158.861,Macquarie Island,Fuel usage,17406,,litres,,
Oct-11,-67.60269444,62.87380556,Mawson,Fuel usage,40321,,litres,,
Oct-11,-68.57661111,77.96738889,Davis,Fuel usage,63582,,litres,,
Oct-11,-66.28180556,110.5276111,Casey,Fuel usage,48829,,litres,,
Oct-11,-54.61988889,158.861,Macquarie Island,Fuel usage,17312,,litres,,
Nov-11,-67.60269444,62.87380556,Mawson,Fuel usage,27234,,litres,,
Nov-11,-68.57661111,77.96738889,Davis,Fuel usage,50759,,litres,,
Nov-11,-66.28180556,110.5276111,Casey,Fuel usage,42996,,litres,,
Nov-11,-54.61988889,158.861,Macquarie Island,Fuel usage,16226,,litres,,
Dec-11,-67.60269444,62.87380556,Mawson,Fuel usage,32178,,litres,,
Dec-11,-68.57661111,77.96738889,Davis,Fuel usage,51301,,litres,,
Dec-11,-66.28180556,110.5276111,Casey,Fuel usage,40330,,litres,,
Dec-11,-54.61988889,158.861,Macquarie Island,Fuel usage,16997,,litres,,
Jan-12,-67.60269444,62.87380556,Mawson,Fuel usage,24564,,litres,,
Jan-12,-68.57661111,77.96738889,Davis,Fuel usage,49807,,litres,,
Jan-12,-66.28180556,110.5276111,Casey,Fuel usage,36406,,litres,,
Jan-12,-54.61988889,158.861,Macquarie Island,Fuel usage,16866,,litres,,
Feb-12,-67.60269444,62.87380556,Mawson,Fuel usage,20500,,litres,,
Feb-12,-68.57661111,77.96738889,Davis,Fuel usage,48072,,litres,,
Feb-12,-66.28180556,110.5276111,Casey,Fuel usage,42100,,litres,,
Feb-12,-54.61988889,158.861,Macquarie Island,Fuel usage,15996,,litres,,
Mar-12,-67.60269444,62.87380556,Mawson,Fuel usage,26511,,litres,,
Mar-12,-68.57661111,77.96738889,Davis,Fuel usage,55880,,litres,,
Mar-12,-66.28180556,110.5276111,Casey,Fuel usage,54486,,litres,,
Mar-12,-54.61988889,158.861,Macquarie Island,Fuel usage,17649,,litres,,
Apr-12,-67.60269444,62.87380556,Mawson,Fuel usage,36085,,litres,,
Apr-12,-68.57661111,77.96738889,Davis,Fuel usage,55182,,litres,,
Apr-12,-66.28180556,110.5276111,Casey,Fuel usage,49576,,litres,,
Apr-12,-54.61988889,158.861,Macquarie Island,Fuel usage,16570,,litres,,
May-12,-67.60269444,62.87380556,Mawson,Fuel usage,41728,,litres,,
May-12,-68.57661111,77.96738889,Davis,Fuel usage,62969,,litres,,
May-12,-66.28180556,110.5276111,Casey,Fuel usage,57359,,litres,,
May-12,-54.61988889,158.861,Macquarie Island,Fuel usage,18526,,litres,,
Jun-12,-67.60269444,62.87380556,Mawson,Fuel usage,46463,,litres,,
Jun-12,-68.57661111,77.96738889,Davis,Fuel usage,58339,,litres,,
Jun-12,-66.28180556,110.5276111,Casey,Fuel usage,57858,,litres,,
Jun-12,-54.61988889,158.861,Macquarie Island,Fuel usage,19821,,litres,,
Jul-12,-67.60269444,62.87380556,Mawson,Fuel usage,44269,,litres,,
Jul-12,-68.57661111,77.96738889,Davis,Fuel usage,64509,,litres,,
Jul-12,-66.28180556,110.5276111,Casey,Fuel usage,61063,,litres,,
Jul-12,-54.61988889,158.861,Macquarie Island,Fuel usage,18750,,litres,,
Aug-12,-67.60269444,62.87380556,Mawson,Fuel usage,37428,,litres,,
Aug-12,-68.57661111,77.96738889,Davis,Fuel usage,63372,,litres,,
Aug-12,-66.28180556,110.5276111,Casey,Fuel usage,59587,,litres,,
Aug-12,-54.61988889,158.861,Macquarie Island,Fuel usage,19495,,litres,,
Sep-12,-67.60269444,62.87380556,Mawson,Fuel usage,38394,,litres,,
Sep-12,-68.57661111,77.96738889,Davis,Fuel usage,57787,,litres,,
Sep-12,-66.28180556,110.5276111,Casey,Fuel usage,55876,,litres,,
Sep-12,-54.61988889,158.861,Macquarie Island,Fuel usage,18395,,litres,,
Oct-12,-67.60269444,62.87380556,Mawson,Fuel usage,37149,,litres,,
Oct-12,-68.57661111,77.96738889,Davis,Fuel usage,55515,,litres,,
Oct-12,-66.28180556,110.5276111,Casey,Fuel usage,52541,,litres,,
Oct-12,-54.61988889,158.861,Macquarie Island,Fuel usage,19741,,litres,,
Nov-12,-67.60269444,62.87380556,Mawson,Fuel usage,23350,,litres,,
Nov-12,-68.57661111,77.96738889,Davis,Fuel usage,44541,,litres,,
Nov-12,-66.28180556,110.5276111,Casey,Fuel usage,61394,,litres,,
Nov-12,-54.61988889,158.861,Macquarie Island,Fuel usage,17747,,litres,,
Dec-12,-67.60269444,62.87380556,Mawson,Fuel usage,23983,,litres,,
Dec-12,-68.57661111,77.96738889,Davis,Fuel usage,40288,,litres,,
Dec-12,-66.28180556,110.5276111,Casey,Fuel usage,40021,,litres,,
Dec-12,-54.61988889,158.861,Macquarie Island,Fuel usage,18173,,litres,,
Jan-13,-67.60269444,62.87380556,Mawson,Fuel usage,29294,,litres,,
Jan-13,-68.57661111,77.96738889,Davis,Fuel usage,23973,,litres,,
Jan-13,-66.28180556,110.5276111,Casey,Fuel usage,56360,,litres,,
Jan-13,-54.61988889,158.861,Macquarie Island,Fuel usage,17458,,litres,,
Feb-13,-67.60269444,62.87380556,Mawson,Fuel usage,21857,,litres,,
Feb-13,-68.57661111,77.96738889,Davis,Fuel usage,35132,,litres,,
Feb-13,-66.28180556,110.5276111,Casey,Fuel usage,42375,,litres,,
Feb-13,-54.61988889,158.861,Macquarie Island,Fuel usage,15884,,litres,,
Mar-13,-67.60269444,62.87380556,Mawson,Fuel usage,30991,,litres,,
Mar-13,-68.57661111,77.96738889,Davis,Fuel usage,45695,,litres,,
Mar-13,-66.28180556,110.5276111,Casey,Fuel usage,42318,,litres,,
Mar-13,-54.61988889,158.861,Macquarie Island,Fuel usage,16854,,litres,,
Apr-13,-67.60269444,62.87380556,Mawson,Fuel usage,32814,,litres,,
Apr-13,-68.57661111,77.96738889,Davis,Fuel usage,49196,,litres,,
Apr-13,-66.28180556,110.5276111,Casey,Fuel usage,54011,,litres,,
Apr-13,-54.61988889,158.861,Macquarie Island,Fuel usage,16679,,litres,,
May-13,-67.60269444,62.87380556,Mawson,Fuel usage,37963,,litres,,
May-13,-68.57661111,77.96738889,Davis,Fuel usage,53494,,litres,,
May-13,-66.28180556,110.5276111,Casey,Fuel usage,60138,,litres,,
May-13,-54.61988889,158.861,Macquarie Island,Fuel usage,18889,,litres,,
Jun-13,-67.60269444,62.87380556,Mawson,Fuel usage,36199,,litres,,
Jun-13,-68.57661111,77.96738889,Davis,Fuel usage,51150,,litres,,
Jun-13,-66.28180556,110.5276111,Casey,Fuel usage,59914,,litres,,
Jun-13,-54.61988889,158.861,Macquarie Island,Fuel usage,19012,,litres,,
Jul-13,-67.60269444,62.87380556,Mawson,Fuel usage,36121,,litres,,
Jul-13,-68.57661111,77.96738889,Davis,Fuel usage,54446,,litres,,
Jul-13,-66.28180556,110.5276111,Casey,Fuel usage,67097,,litres,,
Jul-13,-54.61988889,158.861,Macquarie Island,Fuel usage,19364,,litres,,
Aug-13,-67.60269444,62.87380556,Mawson,Fuel usage,32268,,litres,,
Aug-13,-68.57661111,77.96738889,Davis,Fuel usage,54470,,litres,,
Aug-13,-66.28180556,110.5276111,Casey,Fuel usage,65324,,litres,,
Aug-13,-54.61988889,158.861,Macquarie Island,Fuel usage,18137,,litres,,
Sep-13,-67.60269444,62.87380556,Mawson,Fuel usage,27422,,litres,,
Sep-13,-68.57661111,77.96738889,Davis,Fuel usage,47777,,litres,,
Sep-13,-66.28180556,110.5276111,Casey,Fuel usage,55036,,litres,,
Sep-13,-54.61988889,158.861,Macquarie Island,Fuel usage,17461,,litres,,
Oct-13,-67.60269444,62.87380556,Mawson,Fuel usage,26105,,litres,,
Oct-13,-68.57661111,77.96738889,Davis,Fuel usage,49344,,litres,,
Oct-13,-66.28180556,110.5276111,Casey,Fuel usage,56668,,litres,,
Oct-13,-54.61988889,158.861,Macquarie Island,Fuel usage,17542,,litres,,
Nov-13,-67.60269444,62.87380556,Mawson,Fuel usage,35812,,litres,,
Nov-13,-68.57661111,77.96738889,Davis,Fuel usage,45202,,litres,,
Nov-13,-66.28180556,110.5276111,Casey,Fuel usage,67269,,litres,,
Nov-13,-54.61988889,158.861,Macquarie Island,Fuel usage,17088,,litres,,
Dec-13,-67.60269444,62.87380556,Mawson,Fuel usage,31588,,litres,,
Dec-13,-68.57661111,77.96738889,Davis,Fuel usage,45205,,litres,,
Dec-13,-66.28180556,110.5276111,Casey,Fuel usage,62640,,litres,,
Dec-13,-54.61988889,158.861,Macquarie Island,Fuel usage,16873,,litres,,
Jan-14,-67.60269444,62.87380556,Mawson,Fuel usage,28641,,litres,,
Jan-14,-68.57661111,77.96738889,Davis,Fuel usage,47638,,litres,,
Jan-14,-66.28180556,110.5276111,Casey,Fuel usage,45309,,litres,,
Jan-14,-54.61988889,158.861,Macquarie Island,Fuel usage,16424,,litres,,
Feb-14,-67.60269444,62.87380556,Mawson,Fuel usage,18530,,litres,,
Feb-14,-68.57661111,77.96738889,Davis,Fuel usage,43020,,litres,,
Feb-14,-66.28180556,110.5276111,Casey,Fuel usage,52203,,litres,,
Feb-14,-54.61988889,158.861,Macquarie Island,Fuel usage,13485,,litres,,
Mar-14,-67.60269444,62.87380556,Mawson,Fuel usage,23643,,litres,,
Mar-14,-68.57661111,77.96738889,Davis,Fuel usage,56812,,litres,,
Mar-14,-66.28180556,110.5276111,Casey,Fuel usage,48998,,litres,,
Mar-14,-54.61988889,158.861,Macquarie Island,Fuel usage,16200,,litres,,
Apr-14,-67.60269444,62.87380556,Mawson,Fuel usage,18399,,litres,,
Apr-14,-68.57661111,77.96738889,Davis,Fuel usage,55990,,litres,,
Apr-14,-66.28180556,110.5276111,Casey,Fuel usage,45436,,litres,,
Apr-14,-54.61988889,158.861,Macquarie Island,Fuel usage,18115,,litres,,
May-14,-67.60269444,62.87380556,Mawson,Fuel usage,23181,,litres,,
May-14,-68.57661111,77.96738889,Davis,Fuel usage,52515,,litres,,
May-14,-66.28180556,110.5276111,Casey,Fuel usage,50881,,litres,,
May-14,-54.61988889,158.861,Macquarie Island,Fuel usage,16609,,litres,,
Jun-14,-67.60269444,62.87380556,Mawson,Fuel usage,31975,,litres,,
Jun-14,-68.57661111,77.96738889,Davis,Fuel usage,58438,,litres,,
Jun-14,-66.28180556,110.5276111,Casey,Fuel usage,51572,,litres,,
Jun-14,-54.61988889,158.861,Macquarie Island,Fuel usage,16017,,litres,,
Jul-14,-67.60269444,62.87380556,Mawson,Fuel usage,29300,,litres,,
Jul-14,-68.57661111,77.96738889,Davis,Fuel usage,64599,,litres,,
Jul-14,-66.28180556,110.5276111,Casey,Fuel usage,51230,,litres,,
Jul-14,-54.61988889,158.861,Macquarie Island,Fuel usage,15656,,litres,,
Aug-14,-67.60269444,62.87380556,Mawson,Fuel usage,21689,,litres,,
Aug-14,-68.57661111,77.96738889,Davis,Fuel usage,62435,,litres,,
Aug-14,-66.28180556,110.5276111,Casey,Fuel usage,55572,,litres,,
Aug-14,-54.61988889,158.861,Macquarie Island,Fuel usage,17191,,litres,,
Sep-14,-67.60269444,62.87380556,Mawson,Fuel usage,16479,,litres,,
Sep-14,-68.57661111,77.96738889,Davis,Fuel usage,51347,,litres,,
Sep-14,-66.28180556,110.5276111,Casey,Fuel usage,47512,,litres,,
Sep-14,-54.61988889,158.861,Macquarie Island,Fuel usage,16214,,litres,,
Oct-14,-67.60269444,62.87380556,Mawson,Fuel usage,18546,,litres,,
Oct-14,-68.57661111,77.96738889,Davis,Fuel usage,49390,,litres,,
Oct-14,-66.28180556,110.5276111,Casey,Fuel usage,47686,,litres,,
Oct-14,-54.61988889,158.861,Macquarie Island,Fuel usage,16601,,litres,,
Nov-14,-67.60269444,62.87380556,Mawson,Fuel usage,19103,,litres,,
Nov-14,-68.57661111,77.96738889,Davis,Fuel usage,45656,,litres,,
Nov-14,-66.28180556,110.5276111,Casey,Fuel usage,56546,,litres,,
Nov-14,-54.61988889,158.861,Macquarie Island,Fuel usage,16059,,litres,,
Dec-14,-67.60269444,62.87380556,Mawson,Fuel usage,17769,,litres,,
Dec-14,-68.57661111,77.96738889,Davis,Fuel usage,45387,,litres,,
Dec-14,-66.28180556,110.5276111,Casey,Fuel usage,48505,,litres,,
Dec-14,-54.61988889,158.861,Macquarie Island,Fuel usage,15330,,litres,,
Jan-15,-67.60269444,62.87380556,Mawson,Fuel usage,22157,,litres,,
Jan-15,-68.57661111,77.96738889,Davis,Fuel usage,49796,,litres,,
Jan-15,-66.28180556,110.5276111,Casey,Fuel usage,20233,,litres,,
Jan-15,-54.61988889,158.861,Macquarie Island,Fuel usage,15603,,litres,,
Feb-15,-67.60269444,62.87380556,Mawson,Fuel usage,15705,,litres,,
Feb-15,-68.57661111,77.96738889,Davis,Fuel usage,46579,,litres,,
Feb-15,-66.28180556,110.5276111,Casey,Fuel usage,48814,,litres,,
Feb-15,-54.61988889,158.861,Macquarie Island,Fuel usage,14037,,litres,,
Mar-15,-67.60269444,62.87380556,Mawson,Fuel usage,18157,,litres,,
Mar-15,-68.57661111,77.96738889,Davis,Fuel usage,59685,,litres,,
Mar-15,-66.28180556,110.5276111,Casey,Fuel usage,57057,,litres,,
Mar-15,-54.61988889,158.861,Macquarie Island,Fuel usage,14676,,litres,,
Apr-15,-67.60269444,62.87380556,Mawson,Fuel usage,21976,,litres,,
Apr-15,-68.57661111,77.96738889,Davis,Fuel usage,63701,,litres,,
Apr-15,-66.28180556,110.5276111,Casey,Fuel usage,47711,,litres,,
Apr-15,-54.61988889,158.861,Macquarie Island,Fuel usage,15683,,litres,,
May-15,-67.60269444,62.87380556,Mawson,Fuel usage,40926,,litres,,
May-15,-68.57661111,77.96738889,Davis,Fuel usage,67591,,litres,,
May-15,-66.28180556,110.5276111,Casey,Fuel usage,53879,,litres,,
May-15,-54.61988889,158.861,Macquarie Island,Fuel usage,15598,,litres,,
Jun-15,-67.60269444,62.87380556,Mawson,Fuel usage,31682,,litres,,
Jun-15,-68.57661111,77.96738889,Davis,Fuel usage,56783,,litres,,
Jun-15,-66.28180556,110.5276111,Casey,Fuel usage,47696,,litres,,
Jun-15,-54.61988889,158.861,Macquarie Island,Fuel usage,15617,,litres,,
Jul-15,-67.60269444,62.87380556,Mawson,Fuel usage,44776,,litres,,
Jul-15,-68.57661111,77.96738889,Davis,Fuel usage,65406,,litres,,
Jul-15,-66.28180556,110.5276111,Casey,Fuel usage,55129,,litres,,
Jul-15,-54.61988889,158.861,Macquarie Island,Fuel usage,15565,,litres,,
Aug-15,-67.60269444,62.87380556,Mawson,Fuel usage,36469,,litres,,
Aug-15,-68.57661111,77.96738889,Davis,Fuel usage,59085,,litres,,
Aug-15,-66.28180556,110.5276111,Casey,Fuel usage,58044,,litres,,
Aug-15,-54.61988889,158.861,Macquarie Island,Fuel usage,14999,,litres,,
Sep-15,-67.60269444,62.87380556,Mawson,Fuel usage,29212,,litres,,
Sep-15,-68.57661111,77.96738889,Davis,Fuel usage,55938,,litres,,
Sep-15,-66.28180556,110.5276111,Casey,Fuel usage,68596,,litres,,
Sep-15,-54.61988889,158.861,Macquarie Island,Fuel usage,14470,,litres,,
Oct-15,-67.60269444,62.87380556,Mawson,Fuel usage,23384,,litres,,
Oct-15,-68.57661111,77.96738889,Davis,Fuel usage,55254,,litres,,
Oct-15,-66.28180556,110.5276111,Casey,Fuel usage,77262,,litres,,
Oct-15,-54.61988889,158.861,Macquarie Island,Fuel usage,15118,,litres,,
Nov-15,-67.60269444,62.87380556,Mawson,Fuel usage,22961,,litres,,
Nov-15,-68.57661111,77.96738889,Davis,Fuel usage,46656,,litres,,
Nov-15,-66.28180556,110.5276111,Casey,Fuel usage,58266,,litres,,
Nov-15,-54.61988889,158.861,Macquarie Island,Fuel usage,14039,,litres,,
Dec-15,-67.60269444,62.87380556,Mawson,Fuel usage,3148,,litres,,
Dec-15,-68.57661111,77.96738889,Davis,Fuel usage,43391,,litres,,
Dec-15,-66.28180556,110.5276111,Casey,Fuel usage,57529,,litres,,
Dec-15,-54.61988889,158.861,Macquarie Island,Fuel usage,13981,,litres,,
Jan-16,-67.60269444,62.87380556,Mawson,Fuel usage,27815,,litres,,
Jan-16,-68.57661111,77.96738889,Davis,Fuel usage,49009,,litres,,
Jan-16,-66.28180556,110.5276111,Casey,Fuel usage,53186,,litres,,
Jan-16,-54.61988889,158.861,Macquarie Island,Fuel usage,13864,,litres,,
Feb-16,-67.60269444,62.87380556,Mawson,Fuel usage,19142,,litres,,
Feb-16,-68.57661111,77.96738889,Davis,Fuel usage,47414,,litres,,
Feb-16,-66.28180556,110.5276111,Casey,Fuel usage,56845,,litres,,
Feb-16,-54.61988889,158.861,Macquarie Island,Fuel usage,13533,,litres,,
